id,year,months,state,colony_max,colony_lost,colony_lost_pct,colony_added,colony_reno,colony_reno_pct
1,2015.0,January-March,Alabama,7000.0,1800.0,26.0,2800.0,250.0,4.0
2,2015.0,January-March,Arizona,35000.0,4600.0,13.0,3400.0,2100.0,6.0
3,2015.0,January-March,Arkansas,14000.0,1500.0,11.0,1200.0,90.0,1.0
4,2015.0,January-March,California,1690000.0,255000.0,15.0,250000.0,124000.0,7.0
5,2015.0,January-March,Colorado,12500.0,1500.0,12.0,200.0,140.0,1.0
6,,,,,,,,,
7,2015.0,January-March,Florida,315000.0,42000.0,13.0,54000.0,25000.0,8.0
8,2015.0,January-March,Georgia,105000.0,14500.0,14.0,47000.0,9500.0,9.0
9,2015.0,January-March,Hawaii,10500.0,380.0,4.0,3400.0,760.0,7.0
10,2015.0,January-March,Idaho,88000.0,3700.0,4.0,2600.0,8000.0,9.0
11,2015.0,January-March,Illinois,10500.0,4200.0,40.0,2300.0,390.0,4.0
12,2015.0,January-March,Indiana,9500.0,2100.0,22.0,490.0,120.0,1.0
13,2015.0,January-March,Iowa,17500.0,3100.0,18.0,1700.0,270.0,2.0
14,2015.0,January-March,Kansas,7000.0,1600.0,23.0,450.0,70.0,1.0
15,,,,,,,,,
16,2015.0,January-March,Louisiana,51000.0,8000.0,16.0,3100.0,6500.0,13.0
17,,,,,,,,,
18,2015.0,January-March,Maryland,10000.0,4100.0,41.0,1600.0,870.0,9.0
19,2015.0,January-March,Massachusetts,4600.0,1000.0,22.0,260.0,120.0,3.0
20,2015.0,January-March,Michigan,60000.0,11500.0,19.0,7500.0,2400.0,4.0
21,2015.0,January-March,Minnesota,74000.0,3700.0,5.0,690.0,530.0,1.0
22,2015.0,January-March,Mississippi,76000.0,8500.0,11.0,22000.0,7500.0,10.0
23,2015.0,January-March,Missouri,13000.0,2000.0,15.0,220.0,910.0,7.0
24,2015.0,January-March,Montana,36000.0,2200.0,6.0,1400.0,1100.0,3.0
25,2015.0,January-March,Nebraska,31000.0,2600.0,8.0,120.0,310.0,1.0
26,2015.0,January-March,New Jersey,9000.0,1100.0,12.0,570.0,1600.0,18.0
27,2015.0,January-March,New Mexico,7000.0,690.0,10.0,190.0,600.0,9.0
28,2015.0,January-March,New York,30000.0,6500.0,22.0,430.0,950.0,3.0
29,2015.0,January-March,North Carolina,26000.0,7000.0,27.0,6000.0,690.0,3.0
30,,,,,,,,,
31,2015.0,January-March,Ohio,22000.0,10500.0,48.0,5000.0,3300.0,15.0
32,2015.0,January-March,Oklahoma,26000.0,6000.0,23.0,2600.0,260.0,1.0
33,2015.0,January-March,Oregon,87000.0,6500.0,8.0,4300.0,2400.0,3.0
34,,,,,,,,,
35,2015.0,January-March,South Carolina,17500.0,2700.0,15.0,2700.0,1400.0,8.0
36,2015.0,January-March,South Dakota,97000.0,4600.0,5.0,8500.0,2800.0,3.0
37,2015.0,January-March,Tennessee,9500.0,2000.0,21.0,1000.0,190.0,2.0
38,2015.0,January-March,Texas,250000.0,26000.0,10.0,82000.0,51000.0,20.0
39,2015.0,January-March,Utah,24000.0,3300.0,14.0,2500.0,290.0,1.0
40,,,,,,,,,
41,2015.0,January-March,Virginia,9000.0,2500.0,28.0,800.0,460.0,5.0
42,2015.0,January-March,Washington,105000.0,14000.0,13.0,13500.0,9000.0,9.0
43,2015.0,January-March,West Virginia,6000.0,1800.0,30.0,570.0,60.0,1.0
44,2015.0,January-March,Wisconsin,29000.0,8000.0,28.0,3100.0,2500.0,9.0
45,2015.0,January-March,Wyoming,12000.0,2000.0,17.0,2000.0,1400.0,12.0
46,2015.0,January-March,Other States,8990.0,2080.0,23.0,870.0,150.0,2.0
47,,,,,,,,,
48,2015.0,April-June,Alabama,7500.0,860.0,12.0,1900.0,680.0,9.0
49,2015.0,April-June,Arizona,33000.0,5500.0,17.0,19500.0,7000.0,21.0
50,2015.0,April-June,Arkansas,13500.0,1900.0,14.0,11500.0,5500.0,41.0
51,2015.0,April-June,California,1050000.0,104000.0,10.0,170000.0,285000.0,27.0
52,2015.0,April-June,Colorado,25000.0,1900.0,8.0,6000.0,3500.0,14.0
53,2015.0,April-June,Connecticut,3000.0,80.0,3.0,1100.0,150.0,5.0
54,2015.0,April-June,Florida,215000.0,35000.0,16.0,44000.0,24000.0,11.0
55,2015.0,April-June,Georgia,124000.0,23000.0,19.0,25000.0,19000.0,15.0
56,2015.0,April-June,Hawaii,13500.0,120.0,1.0,1100.0,1200.0,9.0
57,2015.0,April-June,Idaho,72000.0,6500.0,9.0,16500.0,10500.0,15.0
58,2015.0,April-June,Illinois,9500.0,1300.0,14.0,6000.0,1500.0,16.0
59,2015.0,April-June,Indiana,12500.0,1300.0,10.0,4900.0,4300.0,34.0
60,2015.0,April-June,Iowa,24000.0,1400.0,6.0,6500.0,3100.0,13.0
61,2015.0,April-June,Kansas,7000.0,670.0,10.0,2800.0,420.0,6.0
62,2015.0,April-June,Kentucky,8500.0,980.0,12.0,3600.0,1500.0,18.0
63,2015.0,April-June,Louisiana,45000.0,1800.0,4.0,6500.0,8000.0,18.0
64,2015.0,April-June,Maine,30000.0,3200.0,11.0,3500.0,700.0,2.0
65,2015.0,April-June,Maryland,11000.0,370.0,3.0,2600.0,710.0,7.0
66,2015.0,April-June,Massachusetts,14000.0,320.0,2.0,940.0,510.0,4.0
67,2015.0,April-June,Michigan,88000.0,9500.0,11.0,13500.0,5500.0,6.0
68,2015.0,April-June,Minnesota,125000.0,12500.0,10.0,20000.0,21000.0,17.0
69,2015.0,April-June,Mississippi,89000.0,11000.0,12.0,5500.0,10000.0,11.0
70,2015.0,April-June,Missouri,12500.0,500.0,4.0,1900.0,1800.0,14.0
71,2015.0,April-June,Montana,210000.0,4200.0,2.0,14000.0,33000.0,16.0
72,2015.0,April-June,Nebraska,68000.0,4100.0,6.0,15500.0,4600.0,7.0
73,2015.0,April-June,New Jersey,19000.0,1800.0,10.0,2100.0,2900.0,15.0
74,2015.0,April-June,New Mexico,8500.0,1000.0,12.0,1500.0,330.0,4.0
75,2015.0,April-June,New York,34000.0,1100.0,3.0,11000.0,1500.0,4.0
76,2015.0,April-June,North Carolina,23000.0,1800.0,8.0,5500.0,3300.0,14.0
77,2015.0,April-June,North Dakota,450000.0,29000.0,6.0,39000.0,61000.0,14.0
78,2015.0,April-June,Ohio,19000.0,2100.0,11.0,10000.0,6000.0,32.0
79,2015.0,April-June,Oklahoma,27000.0,2200.0,8.0,5500.0,2200.0,8.0
80,2015.0,April-June,Oregon,95000.0,5500.0,6.0,14500.0,9500.0,10.0
81,2015.0,April-June,Pennsylvania,19000.0,1600.0,8.0,8500.0,2600.0,14.0
82,2015.0,April-June,South Carolina,18500.0,950.0,5.0,1100.0,2000.0,11.0
83,2015.0,April-June,South Dakota,290000.0,21000.0,7.0,27000.0,23000.0,8.0
84,2015.0,April-June,Tennessee,7500.0,730.0,10.0,3600.0,920.0,12.0
85,2015.0,April-June,Texas,315000.0,33000.0,11.0,76000.0,94000.0,30.0
86,2015.0,April-June,Utah,27000.0,3400.0,13.0,10000.0,3900.0,14.0
87,2015.0,April-June,Vermont,6000.0,100.0,2.0,580.0,50.0,1.0
88,2015.0,April-June,Virginia,7500.0,270.0,4.0,2100.0,430.0,6.0
89,2015.0,April-June,Washington,127000.0,5000.0,4.0,15000.0,13000.0,10.0
90,2015.0,April-June,West Virginia,4700.0,570.0,12.0,2900.0,590.0,13.0
91,2015.0,April-June,Wisconsin,65000.0,4600.0,7.0,10000.0,5500.0,9.0
92,2015.0,April-June,Wyoming,25000.0,3200.0,13.0,7500.0,5000.0,20.0
93,2015.0,April-June,Other States,11200.0,1940.0,17.0,4140.0,1960.0,18.0
94,,,,,,,,,
95,2015.0,July-September,Alabama,9000.0,1400.0,16.0,160.0,260.0,3.0
96,2015.0,July-September,Arizona,40000.0,6000.0,15.0,4300.0,15500.0,39.0
97,2015.0,July-September,Arkansas,30000.0,9000.0,30.0,500.0,210.0,1.0
98,2015.0,July-September,California,800000.0,76000.0,10.0,40000.0,93000.0,12.0
99,2015.0,July-September,Colorado,30000.0,4500.0,15.0,1400.0,1400.0,5.0
100,2015.0,July-September,Connecticut,3700.0,50.0,1.0,190.0,440.0,12.0
101,2015.0,July-September,Florida,220000.0,36000.0,16.0,37000.0,29000.0,13.0
102,2015.0,July-September,Georgia,110000.0,13000.0,12.0,19500.0,15500.0,14.0
103,2015.0,July-September,Hawaii,14500.0,2700.0,19.0,1200.0,5500.0,38.0
104,2015.0,July-September,Idaho,128000.0,14000.0,11.0,5500.0,11500.0,9.0
105,2015.0,July-September,Illinois,14000.0,1400.0,10.0,1300.0,1100.0,8.0
106,2015.0,July-September,Indiana,15000.0,1600.0,11.0,1400.0,420.0,3.0
107,2015.0,July-September,Iowa,37000.0,3000.0,8.0,640.0,680.0,2.0
108,2015.0,July-September,Kansas,9500.0,1000.0,11.0,100.0,160.0,2.0
109,2015.0,July-September,Kentucky,10000.0,1300.0,13.0,170.0,550.0,6.0
110,2015.0,July-September,Louisiana,55000.0,2000.0,4.0,2300.0,1800.0,3.0
111,2015.0,July-September,Maine,6000.0,450.0,8.0,410.0,140.0,2.0
112,2015.0,July-September,Maryland,7500.0,680.0,9.0,730.0,70.0,1.0
113,2015.0,July-September,Massachusetts,7500.0,560.0,8.0,290.0,400.0,5.0
114,2015.0,July-September,Michigan,89000.0,7000.0,8.0,3300.0,3800.0,4.0
115,2015.0,July-September,Minnesota,136000.0,32000.0,24.0,640.0,2300.0,2.0
116,,,,,,,,,
117,2015.0,July-September,Missouri,14000.0,1200.0,9.0,700.0,630.0,5.0
118,2015.0,July-September,Montana,156000.0,10500.0,7.0,3200.0,10000.0,6.0
119,2015.0,July-September,Nebraska,77000.0,6000.0,8.0,500.0,6000.0,8.0
120,2015.0,July-September,New Jersey,18500.0,210.0,1.0,190.0,500.0,3.0
121,2015.0,July-September,New Mexico,6500.0,1600.0,25.0,1300.0,650.0,10.0
122,2015.0,July-September,New York,47000.0,6500.0,14.0,4400.0,7000.0,15.0
123,2015.0,July-September,North Carolina,24000.0,2900.0,12.0,2500.0,1100.0,5.0
124,2015.0,July-September,North Dakota,500000.0,93000.0,19.0,11000.0,22000.0,4.0
125,2015.0,July-September,Ohio,23000.0,1900.0,8.0,2300.0,880.0,4.0
126,2015.0,July-September,Oklahoma,22000.0,230.0,1.0,160.0,190.0,1.0
127,2015.0,July-September,Oregon,100000.0,8500.0,9.0,8000.0,21000.0,21.0
128,2015.0,July-September,Pennsylvania,25000.0,1800.0,7.0,1800.0,2400.0,10.0
129,2015.0,July-September,South Carolina,12000.0,2000.0,17.0,880.0,580.0,5.0
130,2015.0,July-September,South Dakota,295000.0,53000.0,18.0,2100.0,13000.0,4.0
131,2015.0,July-September,Tennessee,10000.0,1200.0,12.0,500.0,350.0,4.0
132,2015.0,July-September,Texas,136000.0,16500.0,12.0,5500.0,4800.0,4.0
133,2015.0,July-September,Utah,36000.0,8000.0,22.0,1400.0,2200.0,6.0
134,,,,,,,,,
135,2015.0,July-September,Virginia,8000.0,680.0,9.0,520.0,220.0,3.0
136,2015.0,July-September,Washington,97000.0,11500.0,12.0,1800.0,20000.0,21.0
137,2015.0,July-September,West Virginia,7000.0,300.0,4.0,300.0,270.0,4.0
138,2015.0,July-September,Wisconsin,62000.0,9000.0,15.0,1300.0,4300.0,7.0
139,2015.0,July-September,Wyoming,35000.0,2500.0,7.0,270.0,440.0,1.0
140,2015.0,July-September,Other States,12280.0,900.0,7.0,1050.0,700.0,6.0
141,,,,,,,,,
142,2015.0,October-December,Alabama,8000.0,610.0,8.0,80.0,60.0,1.0
143,2015.0,October-December,Arizona,39000.0,12000.0,31.0,3000.0,16000.0,41.0
144,,,,,,,,,
145,2015.0,October-December,California,1260000.0,149000.0,12.0,39000.0,75000.0,6.0
146,,,,,,,,,
147,2015.0,October-December,Connecticut,3200.0,210.0,7.0,40.0,70.0,2.0
148,2015.0,October-December,Florida,260000.0,37000.0,14.0,30000.0,28000.0,11.0
149,2015.0,October-December,Georgia,121000.0,18000.0,15.0,4400.0,1900.0,2.0
150,2015.0,October-December,Hawaii,13000.0,690.0,5.0,2700.0,760.0,6.0
151,2015.0,October-December,Idaho,145000.0,22000.0,15.0,5500.0,5500.0,4.0
152,,,,,,,,,
153,,,,,,,,,
154,,,,,,,,,
155,,,,,,,,,
156,,,,,,,,,
157,2015.0,October-December,Louisiana,71000.0,4900.0,7.0,1100.0,2400.0,3.0
158,,,,,,,,,
159,,,,,,,,,
160,2015.0,October-December,Massachusetts,4500.0,260.0,6.0,30.0,30.0,1.0
161,2015.0,October-December,Michigan,73000.0,9000.0,12.0,210.0,1600.0,2.0
162,,,,,,,,,
163,2015.0,October-December,Mississippi,34000.0,1500.0,4.0,500.0,230.0,1.0
164,,,,,,,,,
165,,,,,,,,,
166,2015.0,October-December,Nebraska,73000.0,7000.0,10.0,10.0,5500.0,8.0
167,,,,,,,,,
168,2015.0,October-December,New Mexico,6000.0,290.0,5.0,290.0,30.0,1.0
169,,,,,,,,,
170,,,,,,,,,
171,2015.0,October-December,North Dakota,275000.0,35000.0,13.0,2700.0,9000.0,3.0
172,2015.0,October-December,Ohio,19000.0,2400.0,13.0,200.0,140.0,1.0
173,2015.0,October-December,Oklahoma,10000.0,650.0,7.0,290.0,60.0,1.0
174,2015.0,October-December,Oregon,114000.0,8500.0,8.0,200.0,1400.0,1.0
175,2015.0,October-December,Pennsylvania,23000.0,2500.0,11.0,1300.0,6500.0,28.0
176,2015.0,October-December,South Carolina,17500.0,2200.0,13.0,640.0,1000.0,6.0
177,,,,,,,,,
178,2015.0,October-December,Tennessee,10000.0,1100.0,11.0,70.0,420.0,4.0
179,2015.0,October-December,Texas,250000.0,25000.0,10.0,13000.0,2000.0,1.0
180,,,,,,,,,
181,,,,,,,,,
182,,,,,,,,,
183,,,,,,,,,
184,2015.0,October-December,West Virginia,7000.0,610.0,9.0,190.0,140.0,2.0
185,,,,,,,,,
186,,,,,,,,,
187,,,,,,,,,
188,,,,,,,,,
189,2016.0,January-March,Alabama,7500.0,1700.0,23.0,1200.0,180.0,2.0
190,2016.0,January-March,Arizona,30000.0,4700.0,16.0,2200.0,960.0,3.0
191,2016.0,January-March,Arkansas,27000.0,5000.0,19.0,4700.0,2200.0,8.0
192,2016.0,January-March,California,1410000.0,210000.0,15.0,175000.0,63000.0,5.0
193,,,,,,,,,
194,,,,,,,,,
195,2016.0,January-March,Florida,265000.0,45000.0,17.0,36000.0,18500.0,7.0
196,2016.0,January-March,Georgia,100000.0,20000.0,20.0,28000.0,6000.0,6.0
197,2016.0,January-March,Hawaii,15000.0,280.0,2.0,570.0,1100.0,7.0
198,2016.0,January-March,Idaho,97000.0,6500.0,7.0,5500.0,6500.0,7.0
199,,,,,,,,,
200,,,,,,,,,
201,,,,,,,,,
202,,,,,,,,,
203,2016.0,January-March,Kentucky,7000.0,1300.0,19.0,110.0,70.0,1.0
204,2016.0,January-March,Louisiana,69000.0,9500.0,14.0,7500.0,5500.0,8.0
205,,,,,,,,,
206,,,,,,,,,
207,2016.0,January-March,Massachusetts,3000.0,370.0,12.0,120.0,330.0,11.0
208,,,,,,,,,
209,,,,,,,,,
210,2016.0,January-March,Mississippi,77000.0,6500.0,8.0,11000.0,1700.0,2.0
211,2016.0,January-March,Missouri,11500.0,1200.0,10.0,930.0,290.0,3.0
212,,,,,,,,,
213,,,,,,,,,
214,2016.0,January-March,New Jersey,8500.0,1000.0,12.0,80.0,40.0,1.0
215,2016.0,January-March,New Mexico,6500.0,1700.0,26.0,10.0,70.0,1.0
216,2016.0,January-March,New York,31000.0,4000.0,13.0,140.0,1400.0,5.0
217,2016.0,January-March,North Carolina,24000.0,2500.0,10.0,80.0,840.0,4.0
218,,,,,,,,,
219,2016.0,January-March,Ohio,16000.0,4200.0,26.0,760.0,100.0,1.0
220,2016.0,January-March,Oklahoma,6000.0,2900.0,48.0,60.0,510.0,9.0
221,2016.0,January-March,Oregon,92000.0,2800.0,3.0,3800.0,1800.0,2.0
222,2016.0,January-March,Pennsylvania,12500.0,2900.0,23.0,220.0,340.0,3.0
223,2016.0,January-March,South Carolina,16500.0,3400.0,21.0,2100.0,1800.0,11.0
224,,,,,,,,,
225,2016.0,January-March,Tennessee,9000.0,1700.0,19.0,100.0,150.0,2.0
226,2016.0,January-March,Texas,290000.0,29000.0,10.0,73000.0,42000.0,15.0
227,2016.0,January-March,Utah,12500.0,1700.0,14.0,710.0,100.0,1.0
228,,,,,,,,,
229,2016.0,January-March,Virginia,6500.0,1100.0,17.0,500.0,130.0,2.0
230,2016.0,January-March,Washington,135000.0,13000.0,10.0,4200.0,2000.0,2.0
231,,,,,,,,,
232,,,,,,,,,
233,,,,,,,,,
234,,,,,,,,,
235,,,,,,,,,
236,2016.0,April-June,Alabama,8000.0,930.0,12.0,1200.0,690.0,9.0
237,2016.0,April-June,Arizona,23000.0,3700.0,16.0,14000.0,1600.0,7.0
238,2016.0,April-June,Arkansas,24000.0,3400.0,14.0,12000.0,1600.0,7.0
239,2016.0,April-June,California,1150000.0,108000.0,9.0,240000.0,185000.0,16.0
240,2016.0,April-June,Colorado,29000.0,1800.0,6.0,9000.0,680.0,2.0
241,2016.0,April-June,Connecticut,2500.0,100.0,4.0,390.0,60.0,2.0
242,2016.0,April-June,Florida,240000.0,29000.0,12.0,43000.0,21000.0,9.0
243,2016.0,April-June,Georgia,111000.0,11000.0,10.0,17500.0,3600.0,3.0
244,,,,,,,,,
245,2016.0,April-June,Idaho,80000.0,6000.0,8.0,19000.0,5500.0,7.0
246,2016.0,April-June,Illinois,9000.0,740.0,8.0,2200.0,380.0,4.0
247,2016.0,April-June,Indiana,7000.0,220.0,3.0,2700.0,900.0,13.0
248,2016.0,April-June,Iowa,26000.0,2400.0,9.0,26000.0,760.0,3.0
249,2016.0,April-June,Kansas,6000.0,960.0,16.0,3000.0,900.0,15.0
250,2016.0,April-June,Kentucky,6000.0,450.0,8.0,2100.0,270.0,5.0
251,2016.0,April-June,Louisiana,53000.0,4300.0,8.0,10000.0,9500.0,18.0
252,2016.0,April-June,Maine,25000.0,4200.0,17.0,510.0,560.0,2.0
253,2016.0,April-June,Maryland,9000.0,320.0,4.0,2800.0,400.0,4.0
254,2016.0,April-June,Massachusetts,8500.0,300.0,4.0,1100.0,440.0,5.0
255,2016.0,April-June,Michigan,103000.0,7500.0,7.0,13500.0,3200.0,3.0
256,2016.0,April-June,Minnesota,126000.0,13000.0,10.0,24000.0,4200.0,3.0
257,2016.0,April-June,Mississippi,90000.0,3700.0,4.0,9000.0,61000.0,68.0
258,2016.0,April-June,Missouri,12500.0,770.0,6.0,1800.0,730.0,6.0
259,2016.0,April-June,Montana,157000.0,7000.0,4.0,25000.0,13500.0,9.0
260,2016.0,April-June,Nebraska,43000.0,6000.0,14.0,8000.0,28000.0,65.0
261,2016.0,April-June,New Jersey,18000.0,1500.0,8.0,1900.0,110.0,1.0
262,2016.0,April-June,New Mexico,6500.0,1400.0,22.0,2700.0,100.0,2.0
263,2016.0,April-June,New York,46000.0,4000.0,9.0,13500.0,1500.0,3.0
264,2016.0,April-June,North Carolina,24000.0,1600.0,7.0,10000.0,550.0,2.0
265,2016.0,April-June,North Dakota,530000.0,27000.0,5.0,23000.0,95000.0,18.0
266,2016.0,April-June,Ohio,16500.0,1700.0,10.0,6000.0,1100.0,7.0
267,2016.0,April-June,Oklahoma,13000.0,310.0,2.0,4000.0,10000.0,77.0
268,2016.0,April-June,Oregon,132000.0,4300.0,3.0,19000.0,16000.0,12.0
269,2016.0,April-June,Pennsylvania,14000.0,1300.0,9.0,6500.0,1100.0,8.0
270,2016.0,April-June,South Carolina,13500.0,1300.0,10.0,2200.0,410.0,3.0
271,2016.0,April-June,South Dakota,182000.0,11000.0,6.0,15000.0,13000.0,7.0
272,2016.0,April-June,Tennessee,8000.0,580.0,7.0,3900.0,200.0,3.0
273,2016.0,April-June,Texas,350000.0,36000.0,10.0,74000.0,54000.0,15.0
274,2016.0,April-June,Utah,25000.0,4800.0,19.0,12000.0,7000.0,28.0
275,,,,,,,,,
276,2016.0,April-June,Virginia,6500.0,230.0,4.0,2200.0,480.0,7.0
277,2016.0,April-June,Washington,143000.0,6000.0,4.0,21000.0,11500.0,8.0
278,2016.0,April-June,West Virginia,7000.0,990.0,14.0,2600.0,160.0,2.0
279,2016.0,April-June,Wisconsin,78000.0,5500.0,7.0,17500.0,3600.0,5.0
280,2016.0,April-June,Wyoming,27000.0,2600.0,10.0,7500.0,580.0,2.0
281,2016.0,April-June,Other States,15530.0,1070.0,7.0,3270.0,270.0,2.0
282,,,,,,,,,
283,2016.0,July-September,Alabama,8000.0,1200.0,15.0,440.0,50.0,1.0
284,2016.0,July-September,Arizona,32000.0,6000.0,19.0,3200.0,2600.0,8.0
285,,,,,,,,,
286,2016.0,July-September,California,820000.0,82000.0,10.0,33000.0,78000.0,10.0
287,2016.0,July-September,Colorado,37000.0,6500.0,18.0,1100.0,740.0,2.0
288,2016.0,July-September,Connecticut,3100.0,270.0,9.0,890.0,180.0,6.0
289,2016.0,July-September,Florida,220000.0,25000.0,11.0,62000.0,14500.0,7.0
290,2016.0,July-September,Georgia,103000.0,13000.0,13.0,12500.0,2300.0,2.0
291,2016.0,July-September,Hawaii,13500.0,600.0,4.0,430.0,820.0,6.0
292,2016.0,July-September,Idaho,131000.0,13000.0,10.0,1900.0,2800.0,2.0
293,2016.0,July-September,Illinois,11000.0,1300.0,12.0,850.0,310.0,3.0
294,2016.0,July-September,Indiana,9500.0,600.0,6.0,450.0,550.0,6.0
295,2016.0,July-September,Iowa,50000.0,5500.0,11.0,10500.0,2400.0,5.0
296,2016.0,July-September,Kansas,8000.0,2600.0,33.0,310.0,190.0,2.0
297,2016.0,July-September,Kentucky,7500.0,1000.0,13.0,900.0,230.0,3.0
298,2016.0,July-September,Louisiana,60000.0,7000.0,12.0,2600.0,2100.0,4.0
299,2016.0,July-September,Maine,5500.0,420.0,8.0,240.0,140.0,3.0
300,,,,,,,,,
301,,,,,,,,,
302,2016.0,July-September,Michigan,108000.0,15000.0,14.0,11000.0,9500.0,9.0
303,2016.0,July-September,Minnesota,138000.0,26000.0,19.0,1300.0,1900.0,1.0
304,2016.0,July-September,Mississippi,20000.0,3300.0,17.0,750.0,740.0,4.0
305,2016.0,July-September,Missouri,13500.0,650.0,5.0,480.0,170.0,1.0
306,2016.0,July-September,Montana,158000.0,11500.0,7.0,4100.0,6500.0,4.0
307,2016.0,July-September,Nebraska,47000.0,8500.0,18.0,390.0,27000.0,57.0
308,,,,,,,,,
309,2016.0,July-September,New Mexico,6500.0,1100.0,17.0,2000.0,1000.0,15.0
310,2016.0,July-September,New York,56000.0,10000.0,18.0,1900.0,800.0,1.0
311,2016.0,July-September,North Carolina,25000.0,1400.0,6.0,1400.0,1200.0,5.0
312,2016.0,July-September,North Dakota,550000.0,71000.0,13.0,25000.0,104000.0,19.0
313,2016.0,July-September,Ohio,21000.0,1600.0,8.0,980.0,630.0,3.0
314,2016.0,July-September,Oklahoma,3700.0,560.0,15.0,30.0,30.0,1.0
315,2016.0,July-September,Oregon,112000.0,7500.0,7.0,2900.0,4300.0,4.0
316,2016.0,July-September,Pennsylvania,22000.0,1300.0,6.0,680.0,780.0,4.0
317,,,,,,,,,
318,2016.0,July-September,South Dakota,191000.0,25000.0,13.0,4200.0,9500.0,5.0
319,2016.0,July-September,Tennessee,10000.0,950.0,10.0,340.0,290.0,3.0
320,2016.0,July-September,Texas,143000.0,12000.0,8.0,12500.0,810.0,1.0
321,,,,,,,,,
322,2016.0,July-September,Vermont,6500.0,400.0,6.0,170.0,50.0,1.0
323,2016.0,July-September,Virginia,8000.0,810.0,10.0,460.0,360.0,5.0
324,2016.0,July-September,Washington,74000.0,5000.0,7.0,7500.0,2000.0,3.0
325,2016.0,July-September,West Virginia,7500.0,190.0,3.0,130.0,220.0,3.0
326,2016.0,July-September,Wisconsin,75000.0,12000.0,16.0,880.0,640.0,1.0
327,2016.0,July-September,Wyoming,40000.0,7000.0,18.0,1800.0,1000.0,3.0
328,2016.0,July-September,Other States,11890.0,1920.0,16.0,1690.0,430.0,4.0
329,,,,,,,,,
330,,,,,,,,,
331,2016.0,October-December,Arizona,31000.0,6500.0,21.0,4600.0,3100.0,10.0
332,,,,,,,,,
333,2016.0,October-December,California,1330000.0,205000.0,15.0,40000.0,35000.0,3.0
334,,,,,,,,,
335,,,,,,,,,
336,2016.0,October-December,Florida,300000.0,41000.0,14.0,31000.0,11500.0,4.0
337,,,,,,,,,
338,2016.0,October-December,Hawaii,13500.0,970.0,7.0,60.0,840.0,6.0
339,,,,,,,,,
340,,,,,,,,,
341,,,,,,,,,
342,,,,,,,,,
343,,,,,,,,,
344,2016.0,October-December,Kentucky,7500.0,950.0,13.0,60.0,80.0,1.0
345,2016.0,October-December,Louisiana,57000.0,2000.0,4.0,250.0,340.0,1.0
346,,,,,,,,,
347,,,,,,,,,
348,,,,,,,,,
349,,,,,,,,,
350,,,,,,,,,
351,,,,,,,,,
352,2016.0,October-December,Missouri,9000.0,590.0,7.0,1400.0,640.0,7.0
353,,,,,,,,,
354,,,,,,,,,
355,,,,,,,,,
356,,,,,,,,,
357,,,,,,,,,
358,,,,,,,,,
359,2016.0,October-December,North Dakota,390000.0,44000.0,11.0,13500.0,2500.0,1.0
360,2016.0,October-December,Ohio,19500.0,2100.0,11.0,20.0,140.0,1.0
361,,,,,,,,,
362,2016.0,October-December,Oregon,124000.0,9500.0,8.0,1500.0,1000.0,1.0
363,2016.0,October-December,Pennsylvania,21000.0,3100.0,15.0,120.0,180.0,1.0
364,2016.0,October-December,South Carolina,17000.0,1300.0,8.0,760.0,370.0,2.0
365,,,,,,,,,
366,,,,,,,,,
367,,,,,,,,,
368,,,,,,,,,
369,,,,,,,,,
370,,,,,,,,,
371,,,,,,,,,
372,2016.0,October-December,West Virginia,7500.0,1000.0,13.0,80.0,60.0,1.0
373,,,,,,,,,
374,,,,,,,,,
375,,,,,,,,,
376,,,,,,,,,
377,2017.0,January-March,Alabama,7000.0,1600.0,23.0,570.0,730.0,10.0
378,,,,,,,,,
379,2017.0,January-March,Arkansas,20000.0,3500.0,18.0,430.0,190.0,1.0
380,2017.0,January-March,California,1440000.0,172000.0,12.0,215000.0,92000.0,6.0
381,,,,,,,,,
382,2017.0,January-March,Connecticut,3100.0,380.0,12.0,100.0,110.0,4.0
383,2017.0,January-March,Florida,265000.0,30000.0,11.0,80000.0,33000.0,12.0
384,2017.0,January-March,Georgia,125000.0,14000.0,11.0,36000.0,21000.0,17.0
385,,,,,,,,,
386,,,,,,,,,
387,2017.0,January-March,Illinois,11000.0,2900.0,26.0,3100.0,150.0,1.0
388,2017.0,January-March,Indiana,7500.0,1900.0,25.0,1700.0,70.0,1.0
389,,,,,,,,,
390,2017.0,January-March,Kansas,3800.0,1000.0,26.0,930.0,380.0,10.0
391,2017.0,January-March,Kentucky,7000.0,1300.0,19.0,950.0,430.0,6.0
392,2017.0,January-March,Louisiana,47000.0,2700.0,6.0,11000.0,1900.0,4.0
393,,,,,,,,,
394,2017.0,January-March,Maryland,9000.0,2100.0,23.0,770.0,260.0,3.0
395,2017.0,January-March,Massachusetts,3300.0,1500.0,45.0,120.0,110.0,3.0
396,,,,,,,,,
397,,,,,,,,,
398,2017.0,January-March,Mississippi,68000.0,2600.0,4.0,23000.0,7500.0,11.0
399,,,,,,,,,
400,2017.0,January-March,Montana,46000.0,470.0,1.0,3100.0,6000.0,13.0
401,,,,,,,,,
402,,,,,,,,,
403,,,,,,,,,
404,,,,,,,,,
405,2017.0,January-March,North Carolina,23000.0,2500.0,11.0,3700.0,1200.0,5.0
406,,,,,,,,,
407,2017.0,January-March,Ohio,17500.0,4400.0,25.0,1300.0,530.0,3.0
408,2017.0,January-March,Oklahoma,26000.0,550.0,2.0,9500.0,1600.0,6.0
409,2017.0,January-March,Oregon,90000.0,8000.0,9.0,7500.0,1400.0,2.0
410,2017.0,January-March,Pennsylvania,18000.0,4200.0,23.0,810.0,410.0,2.0
411,2017.0,January-March,South Carolina,17500.0,1600.0,9.0,4700.0,970.0,6.0
412,2017.0,January-March,South Dakota,48000.0,2700.0,6.0,1500.0,440.0,1.0
413,2017.0,January-March,Tennessee,8500.0,1600.0,19.0,1500.0,160.0,2.0
414,2017.0,January-March,Texas,330000.0,35000.0,11.0,148000.0,68000.0,21.0
415,,,,,,,,,
416,,,,,,,,,
417,2017.0,January-March,Virginia,8000.0,1400.0,18.0,1900.0,280.0,4.0
418,,,,,,,,,
419,2017.0,January-March,West Virginia,8000.0,800.0,10.0,450.0,100.0,1.0
420,,,,,,,,,
421,,,,,,,,,
422,2017.0,January-March,Other States,6490.0,1540.0,24.0,130.0,50.0,1.0
423,,,,,,,,,
424,2017.0,April-June,Alabama,6500.0,440.0,7.0,1200.0,500.0,8.0
425,2017.0,April-June,Arizona,22000.0,2600.0,12.0,12500.0,3000.0,14.0
426,2017.0,April-June,Arkansas,17000.0,1900.0,11.0,5000.0,1300.0,8.0
427,2017.0,April-June,California,1180000.0,82000.0,7.0,210000.0,235000.0,20.0
428,2017.0,April-June,Colorado,29000.0,3500.0,12.0,5500.0,7500.0,26.0
429,2017.0,April-June,Connecticut,3000.0,140.0,5.0,2200.0,350.0,12.0
430,2017.0,April-June,Florida,250000.0,25000.0,10.0,40000.0,50000.0,20.0
431,2017.0,April-June,Georgia,142000.0,10500.0,7.0,21000.0,33000.0,23.0
432,2017.0,April-June,Hawaii,12000.0,60.0,1.0,520.0,910.0,8.0
433,2017.0,April-June,Idaho,78000.0,9500.0,12.0,24000.0,31000.0,40.0
434,2017.0,April-June,Illinois,12500.0,1200.0,10.0,3600.0,1600.0,13.0
435,2017.0,April-June,Indiana,11000.0,1200.0,11.0,3000.0,510.0,5.0
436,2017.0,April-June,Iowa,23000.0,2000.0,9.0,24000.0,3900.0,17.0
437,2017.0,April-June,Kansas,4900.0,380.0,8.0,2500.0,890.0,18.0
438,2017.0,April-June,Kentucky,7000.0,560.0,8.0,2900.0,600.0,9.0
439,2017.0,April-June,Louisiana,56000.0,2600.0,5.0,4600.0,9000.0,16.0
440,2017.0,April-June,Maine,40000.0,910.0,2.0,790.0,1400.0,4.0
441,2017.0,April-June,Maryland,9500.0,190.0,2.0,3200.0,930.0,10.0
442,2017.0,April-June,Massachusetts,8000.0,130.0,2.0,1900.0,490.0,6.0
443,2017.0,April-June,Michigan,79000.0,4600.0,6.0,22000.0,11500.0,15.0
444,2017.0,April-June,Minnesota,128000.0,5000.0,4.0,18500.0,9000.0,7.0
445,2017.0,April-June,Mississippi,89000.0,3800.0,4.0,5500.0,42000.0,47.0
446,2017.0,April-June,Missouri,7500.0,260.0,3.0,1700.0,1000.0,13.0
447,2017.0,April-June,Montana,134000.0,3800.0,3.0,15000.0,20000.0,15.0
448,2017.0,April-June,Nebraska,63000.0,640.0,1.0,6000.0,39000.0,62.0
449,2017.0,April-June,New Jersey,21000.0,430.0,2.0,1600.0,660.0,3.0
450,2017.0,April-June,New Mexico,7500.0,1700.0,23.0,2300.0,3900.0,52.0
451,2017.0,April-June,New York,41000.0,1300.0,3.0,16000.0,7500.0,18.0
452,2017.0,April-June,North Carolina,25000.0,1600.0,6.0,3900.0,2700.0,11.0
453,2017.0,April-June,North Dakota,385000.0,10500.0,3.0,19500.0,37000.0,10.0
454,2017.0,April-June,Ohio,14500.0,1100.0,8.0,8000.0,2500.0,17.0
455,2017.0,April-June,Oklahoma,25000.0,200.0,1.0,6500.0,1600.0,6.0
456,2017.0,April-June,Oregon,108000.0,5000.0,5.0,18000.0,24000.0,22.0
457,2017.0,April-June,Pennsylvania,16500.0,510.0,3.0,7000.0,2200.0,13.0
458,2017.0,April-June,South Carolina,20000.0,870.0,4.0,1900.0,3700.0,19.0
459,2017.0,April-June,South Dakota,152000.0,6000.0,4.0,10000.0,20000.0,13.0
460,2017.0,April-June,Tennessee,9000.0,1100.0,12.0,2600.0,1300.0,14.0
461,2017.0,April-June,Texas,345000.0,18000.0,5.0,43000.0,148000.0,43.0
462,2017.0,April-June,Utah,35000.0,2300.0,7.0,14500.0,10500.0,30.0
463,2017.0,April-June,Vermont,8000.0,170.0,2.0,390.0,190.0,2.0
464,2017.0,April-June,Virginia,9000.0,1000.0,11.0,3100.0,1100.0,12.0
465,2017.0,April-June,Washington,132000.0,6500.0,5.0,36000.0,21000.0,16.0
466,2017.0,April-June,West Virginia,7500.0,340.0,5.0,3400.0,2500.0,33.0
467,2017.0,April-June,Wisconsin,65000.0,2900.0,4.0,13000.0,6500.0,10.0
468,2017.0,April-June,Wyoming,30000.0,1100.0,4.0,4800.0,4100.0,14.0
469,2017.0,April-June,Other States,7040.0,150.0,2.0,870.0,840.0,12.0
470,,,,,,,,,
471,2017.0,July-September,Alabama,9500.0,900.0,9.0,690.0,530.0,6.0
472,2017.0,July-September,Arizona,26000.0,4100.0,16.0,5000.0,3200.0,12.0
473,2017.0,July-September,Arkansas,29000.0,6000.0,21.0,4400.0,410.0,1.0
474,2017.0,July-September,California,670000.0,67000.0,10.0,73000.0,74000.0,11.0
475,2017.0,July-September,Colorado,42000.0,4300.0,10.0,2900.0,6410.0,15.0
476,2017.0,July-September,Connecticut,3500.0,130.0,4.0,50.0,20.0,1.0
477,2017.0,July-September,Florida,180000.0,39000.0,22.0,39000.0,42000.0,23.0
478,2017.0,July-September,Georgia,122000.0,15500.0,13.0,19000.0,23000.0,19.0
479,,,,,,,,,
480,2017.0,July-September,Idaho,116000.0,12000.0,10.0,9000.0,16500.0,14.0
481,2017.0,July-September,Illinois,13000.0,1100.0,8.0,710.0,1200.0,9.0
482,2017.0,July-September,Indiana,13000.0,930.0,7.0,420.0,740.0,6.0
483,2017.0,July-September,Iowa,43000.0,2200.0,5.0,2100.0,4000.0,9.0
484,2017.0,July-September,Kansas,7000.0,1700.0,24.0,1400.0,1000.0,14.0
485,2017.0,July-September,Kentucky,9000.0,1600.0,18.0,450.0,700.0,8.0
486,2017.0,July-September,Louisiana,64000.0,13500.0,21.0,14500.0,34000.0,53.0
487,2017.0,July-September,Maine,6000.0,400.0,7.0,210.0,290.0,5.0
488,2017.0,July-September,Maryland,8500.0,1600.0,19.0,1300.0,600.0,7.0
489,2017.0,July-September,Massachusetts,9000.0,760.0,8.0,790.0,460.0,5.0
490,2017.0,July-September,Michigan,109000.0,17500.0,16.0,4300.0,11500.0,11.0
491,2017.0,July-September,Minnesota,136000.0,20000.0,15.0,1900.0,2200.0,2.0
492,2017.0,July-September,Mississippi,24000.0,2900.0,12.0,250.0,230.0,1.0
493,2017.0,July-September,Missouri,9000.0,580.0,6.0,320.0,310.0,3.0
494,2017.0,July-September,Montana,161000.0,18500.0,11.0,3100.0,23000.0,14.0
495,2017.0,July-September,Nebraska,47000.0,3700.0,8.0,880.0,13500.0,29.0
496,2017.0,July-September,New Jersey,16000.0,420.0,3.0,280.0,110.0,1.0
497,2017.0,July-September,New Mexico,8500.0,2500.0,29.0,1800.0,200.0,2.0
498,2017.0,July-September,New York,59000.0,6500.0,11.0,3100.0,9000.0,15.0
499,2017.0,July-September,North Carolina,27000.0,3300.0,12.0,4100.0,2900.0,11.0
500,2017.0,July-September,North Dakota,490000.0,48000.0,10.0,24000.0,100000.0,20.0
501,2017.0,July-September,Ohio,23000.0,1800.0,8.0,1100.0,1800.0,8.0
502,2017.0,July-September,Oklahoma,4400.0,510.0,12.0,80.0,270.0,6.0
503,2017.0,July-September,Oregon,101000.0,13500.0,13.0,7500.0,28000.0,28.0
504,2017.0,July-September,Pennsylvania,18500.0,1500.0,8.0,6000.0,1600.0,9.0
505,2017.0,July-September,South Carolina,14500.0,1700.0,12.0,640.0,440.0,3.0
506,2017.0,July-September,South Dakota,159000.0,16500.0,10.0,6000.0,7500.0,5.0
507,2017.0,July-September,Tennessee,10000.0,1700.0,17.0,800.0,960.0,10.0
508,2017.0,July-September,Texas,115000.0,15000.0,13.0,21000.0,7500.0,7.0
509,2017.0,July-September,Utah,35000.0,6500.0,19.0,5500.0,3200.0,9.0
510,2017.0,July-September,Vermont,7500.0,180.0,2.0,520.0,270.0,4.0
511,2017.0,July-September,Virginia,11500.0,1200.0,10.0,430.0,430.0,4.0
512,2017.0,July-September,Washington,92000.0,17000.0,18.0,5500.0,10500.0,11.0
513,2017.0,July-September,West Virginia,9000.0,930.0,10.0,440.0,1900.0,21.0
514,2017.0,July-September,Wisconsin,75000.0,12500.0,17.0,6000.0,9000.0,12.0
515,2017.0,July-September,Wyoming,36000.0,5500.0,15.0,3100.0,3500.0,10.0
516,2017.0,July-September,Other States,10000.0,1070.0,11.0,380.0,650.0,7.0
517,,,,,,,,,
518,2017.0,October-December,Alabama,7500.0,990.0,13.0,550.0,500.0,7.0
519,2017.0,October-December,Arizona,30000.0,6500.0,22.0,1300.0,1100.0,4.0
520,2017.0,October-December,Arkansas,25000.0,7500.0,30.0,2500.0,440.0,2.0
521,2017.0,October-December,California,1200000.0,155000.0,13.0,90000.0,104000.0,9.0
522,2017.0,October-December,Colorado,34000.0,7000.0,21.0,1500.0,4000.0,12.0
523,2017.0,October-December,Connecticut,4000.0,330.0,8.0,190.0,110.0,3.0
524,2017.0,October-December,Florida,240000.0,50000.0,21.0,55000.0,36000.0,15.0
525,2017.0,October-December,Georgia,145000.0,21000.0,14.0,4300.0,2200.0,2.0
526,2017.0,October-December,Hawaii,15000.0,130.0,1.0,970.0,290.0,2.0
527,2017.0,October-December,Idaho,164000.0,9000.0,5.0,10000.0,5000.0,3.0
528,2017.0,October-December,Illinois,13500.0,1800.0,13.0,140.0,460.0,3.0
529,2017.0,October-December,Indiana,11500.0,1700.0,15.0,320.0,100.0,1.0
530,2017.0,October-December,Iowa,45000.0,6500.0,14.0,250.0,3400.0,8.0
531,2017.0,October-December,Kansas,6500.0,830.0,13.0,140.0,40.0,1.0
532,2017.0,October-December,Kentucky,7500.0,870.0,12.0,50.0,120.0,2.0
533,2017.0,October-December,Louisiana,60000.0,2700.0,5.0,390.0,1900.0,3.0
534,2017.0,October-December,Maine,6000.0,60.0,1.0,220.0,110.0,2.0
535,2017.0,October-December,Maryland,10500.0,1300.0,12.0,20.0,410.0,4.0
536,2017.0,October-December,Massachusetts,6000.0,1100.0,18.0,120.0,550.0,9.0
537,2017.0,October-December,Michigan,88000.0,11500.0,13.0,990.0,1900.0,2.0
538,,,,,,,,,
539,2017.0,October-December,Mississippi,22000.0,3400.0,15.0,280.0,830.0,4.0
540,2017.0,October-December,Missouri,9500.0,820.0,9.0,100.0,230.0,2.0
541,2017.0,October-December,Montana,121000.0,13000.0,11.0,5500.0,2900.0,2.0
542,,,,,,,,,
543,2017.0,October-December,New Jersey,15500.0,1200.0,8.0,330.0,270.0,2.0
544,,,,,,,,,
545,2017.0,October-December,New York,51000.0,3900.0,8.0,820.0,460.0,1.0
546,2017.0,October-December,North Carolina,23000.0,5000.0,22.0,60.0,290.0,1.0
547,2017.0,October-December,North Dakota,410000.0,26000.0,6.0,10000.0,2900.0,1.0
548,2017.0,October-December,Ohio,18500.0,2800.0,15.0,510.0,960.0,5.0
549,,,,,,,,,
550,2017.0,October-December,Oregon,94000.0,10000.0,11.0,70.0,18500.0,20.0
551,2017.0,October-December,Pennsylvania,24000.0,5500.0,23.0,2500.0,1100.0,5.0
552,2017.0,October-December,South Carolina,15000.0,2000.0,13.0,1300.0,750.0,5.0
553,,,,,,,,,
554,2017.0,October-December,Tennessee,10500.0,1300.0,12.0,230.0,320.0,3.0
555,2017.0,October-December,Texas,285000.0,20000.0,7.0,3200.0,1900.0,1.0
556,,,,,,,,,
557,,,,,,,,,
558,2017.0,October-December,Virginia,9500.0,1100.0,12.0,300.0,210.0,2.0
559,2017.0,October-December,Washington,72000.0,4000.0,6.0,2900.0,14000.0,19.0
560,2017.0,October-December,West Virginia,8500.0,1200.0,14.0,70.0,1600.0,19.0
561,2017.0,October-December,Wisconsin,55000.0,8500.0,15.0,530.0,3000.0,5.0
562,2017.0,October-December,Wyoming,29000.0,3500.0,12.0,2500.0,320.0,1.0
563,2017.0,October-December,Other States,6970.0,360.0,5.0,150.0,240.0,3.0
564,,,,,,,,,
565,2018.0,January-March,Alabama,7500.0,820.0,11.0,1200.0,1500.0,20.0
566,2018.0,January-March,Arizona,26000.0,6000.0,23.0,810.0,230.0,1.0
567,2018.0,January-March,Arkansas,22000.0,7500.0,34.0,540.0,810.0,4.0
568,2018.0,January-March,California,1540000.0,220000.0,14.0,200000.0,132500.0,9.0
569,2018.0,January-March,Colorado,21000.0,4900.0,23.0,1400.0,190.0,1.0
570,2018.0,January-March,Connecticut,2900.0,140.0,5.0,220.0,330.0,11.0
571,2018.0,January-March,Florida,255000.0,35000.0,14.0,57000.0,38000.0,15.0
572,2018.0,January-March,Georgia,139000.0,25000.0,18.0,29000.0,39000.0,28.0
573,2018.0,January-March,Hawaii,15000.0,1600.0,11.0,1200.0,5100.0,34.0
574,2018.0,January-March,Idaho,168000.0,22000.0,13.0,2500.0,2600.0,2.0
575,2018.0,January-March,Illinois,10500.0,2400.0,23.0,1000.0,630.0,6.0
576,,,,,,,,,
577,,,,,,,,,
578,2018.0,January-March,Kansas,3700.0,950.0,26.0,500.0,410.0,11.0
579,,,,,,,,,
580,2018.0,January-March,Louisiana,52000.0,3600.0,7.0,4100.0,320.0,1.0
581,2018.0,January-March,Maine,1900.0,240.0,13.0,40.0,30.0,2.0
582,,,,,,,,,
583,2018.0,January-March,Massachusetts,3800.0,1000.0,26.0,240.0,290.0,8.0
584,2018.0,January-March,Michigan,34000.0,8000.0,24.0,10500.0,3900.0,11.0
585,2018.0,January-March,Minnesota,62000.0,3900.0,6.0,13500.0,2900.0,5.0
586,2018.0,January-March,Mississippi,32000.0,2000.0,6.0,28000.0,5500.0,17.0
587,2018.0,January-March,Missouri,8000.0,1400.0,18.0,1400.0,50.0,1.0
588,,,,,,,,,
589,,,,,,,,,
590,2018.0,January-March,New Jersey,6500.0,730.0,11.0,180.0,190.0,3.0
591,,,,,,,,,
592,2018.0,January-March,New York,26000.0,3700.0,14.0,400.0,170.0,1.0
593,2018.0,January-March,North Carolina,18500.0,4200.0,23.0,2400.0,260.0,1.0
594,,,,,,,,,
595,2018.0,January-March,Ohio,14000.0,4000.0,29.0,300.0,580.0,4.0
596,2018.0,January-March,Oklahoma,18000.0,3700.0,21.0,890.0,240.0,1.0
597,2018.0,January-March,Oregon,89000.0,4100.0,5.0,17000.0,3900.0,4.0
598,2018.0,January-March,Pennsylvania,14500.0,1500.0,10.0,1600.0,670.0,5.0
599,2018.0,January-March,South Carolina,14500.0,1800.0,12.0,1900.0,2800.0,19.0
600,,,,,,,,,
601,2018.0,January-March,Tennessee,10000.0,3000.0,30.0,600.0,470.0,5.0
602,2018.0,January-March,Texas,290000.0,22000.0,8.0,118000.0,42000.0,14.0
603,,,,,,,,,
604,,,,,,,,,
605,2018.0,January-March,Virginia,7000.0,2100.0,30.0,540.0,160.0,2.0
606,2018.0,January-March,Washington,89000.0,4600.0,5.0,7000.0,860.0,1.0
607,2018.0,January-March,West Virginia,8500.0,2000.0,24.0,330.0,60.0,1.0
608,2018.0,January-March,Wisconsin,29000.0,4600.0,16.0,2800.0,1560.0,5.0
609,,,,,,,,,
610,2018.0,January-March,Other States,6520.0,1870.0,29.0,160.0,40.0,1.0
611,,,,,,,,,
612,2018.0,April-June,Alabama,8500.0,810.0,10.0,1300.0,710.0,8.0
613,2018.0,April-June,Arizona,19500.0,2600.0,13.0,12000.0,2100.0,11.0
614,2018.0,April-June,Arkansas,11500.0,1500.0,13.0,14000.0,1900.0,17.0
615,2018.0,April-June,California,1190000.0,70000.0,6.0,176000.0,254000.0,21.0
616,2018.0,April-June,Colorado,26000.0,2300.0,9.0,9500.0,4570.0,18.0
617,2018.0,April-June,Connecticut,3600.0,120.0,3.0,340.0,170.0,5.0
618,2018.0,April-June,Florida,280000.0,48000.0,17.0,54000.0,69000.0,25.0
619,2018.0,April-June,Georgia,134000.0,16000.0,12.0,34000.0,16000.0,12.0
620,2018.0,April-June,Hawaii,14500.0,280.0,2.0,300.0,3100.0,21.0
621,2018.0,April-June,Idaho,95000.0,4800.0,5.0,17000.0,29000.0,31.0
622,2018.0,April-June,Illinois,10500.0,2100.0,20.0,4700.0,2800.0,27.0
623,2018.0,April-June,Indiana,9000.0,1800.0,20.0,4000.0,730.0,8.0
624,2018.0,April-June,Iowa,47000.0,4300.0,9.0,15500.0,4800.0,10.0
625,2018.0,April-June,Kansas,3900.0,170.0,4.0,1800.0,2100.0,54.0
626,2018.0,April-June,Kentucky,6000.0,450.0,8.0,1400.0,560.0,9.0
627,2018.0,April-June,Louisiana,48000.0,970.0,2.0,7000.0,4000.0,8.0
628,2018.0,April-June,Maine,17000.0,1100.0,6.0,430.0,880.0,5.0
629,2018.0,April-June,Maryland,8000.0,370.0,5.0,2400.0,1200.0,15.0
630,2018.0,April-June,Massachusetts,7500.0,260.0,3.0,910.0,350.0,5.0
631,2018.0,April-June,Michigan,69000.0,6000.0,9.0,18000.0,8000.0,12.0
632,2018.0,April-June,Minnesota,108000.0,6500.0,6.0,46000.0,24000.0,22.0
633,2018.0,April-June,Mississippi,54000.0,5000.0,9.0,3900.0,6500.0,12.0
634,2018.0,April-June,Missouri,7000.0,390.0,6.0,1800.0,800.0,11.0
635,2018.0,April-June,Montana,171000.0,4800.0,3.0,26000.0,20000.0,12.0
636,2018.0,April-June,Nebraska,40000.0,2700.0,7.0,3100.0,700.0,2.0
637,2018.0,April-June,New Jersey,15000.0,270.0,2.0,1200.0,170.0,1.0
638,2018.0,April-June,New Mexico,4300.0,50.0,1.0,290.0,450.0,10.0
639,2018.0,April-June,New York,36000.0,3300.0,9.0,8000.0,2300.0,6.0
640,2018.0,April-June,North Carolina,17500.0,1200.0,7.0,3600.0,800.0,5.0
641,2018.0,April-June,North Dakota,430000.0,11000.0,3.0,30000.0,46000.0,11.0
642,2018.0,April-June,Ohio,13000.0,1100.0,8.0,9000.0,1800.0,14.0
643,2018.0,April-June,Oklahoma,15500.0,1600.0,10.0,9000.0,6500.0,42.0
644,2018.0,April-June,Oregon,106000.0,3400.0,3.0,23000.0,24000.0,23.0
645,2018.0,April-June,Pennsylvania,19500.0,1100.0,6.0,6000.0,1600.0,8.0
646,2018.0,April-June,South Carolina,14000.0,1300.0,9.0,2400.0,4000.0,29.0
647,2018.0,April-June,South Dakota,161000.0,12000.0,7.0,21000.0,65000.0,40.0
648,2018.0,April-June,Tennessee,8000.0,1200.0,15.0,3200.0,1300.0,16.0
649,2018.0,April-June,Texas,310000.0,31000.0,10.0,100000.0,69000.0,22.0
650,2018.0,April-June,Utah,26000.0,1700.0,7.0,10000.0,4100.0,16.0
651,2018.0,April-June,Vermont,6500.0,520.0,8.0,2600.0,140.0,2.0
652,2018.0,April-June,Virginia,5500.0,490.0,9.0,2400.0,700.0,13.0
653,2018.0,April-June,Washington,122000.0,6500.0,5.0,19000.0,18900.0,15.0
654,2018.0,April-June,West Virginia,7000.0,490.0,7.0,2100.0,550.0,8.0
655,2018.0,April-June,Wisconsin,50000.0,6000.0,12.0,12500.0,6600.0,13.0
656,2018.0,April-June,Wyoming,22000.0,2200.0,10.0,3100.0,2300.0,10.0
657,2018.0,April-June,Other States,7660.0,260.0,3.0,1880.0,930.0,12.0
658,,,,,,,,,
659,2018.0,July-September,Alabama,8500.0,1700.0,20.0,1600.0,1300.0,15.0
660,2018.0,July-September,Arizona,31000.0,8000.0,26.0,3200.0,3100.0,10.0
661,2018.0,July-September,Arkansas,29000.0,2300.0,8.0,2600.0,840.0,3.0
662,2018.0,July-September,California,700000.0,73000.0,10.0,63000.0,141000.0,20.0
663,2018.0,July-September,Colorado,35000.0,5000.0,14.0,1500.0,5000.0,14.0
664,2018.0,July-September,Connecticut,3200.0,130.0,4.0,80.0,310.0,10.0
665,2018.0,July-September,Florida,220000.0,30000.0,14.0,53000.0,40000.0,18.0
666,2018.0,July-September,Georgia,138000.0,17000.0,12.0,27000.0,33000.0,24.0
667,2018.0,July-September,Hawaii,16500.0,1800.0,11.0,1700.0,3000.0,18.0
668,2018.0,July-September,Idaho,101000.0,14000.0,14.0,15000.0,21000.0,21.0
669,2018.0,July-September,Illinois,11000.0,660.0,6.0,700.0,420.0,4.0
670,2018.0,July-September,Indiana,11500.0,990.0,9.0,520.0,1200.0,10.0
671,2018.0,July-September,Iowa,57000.0,3600.0,6.0,1200.0,990.0,2.0
672,2018.0,July-September,Kansas,6000.0,950.0,16.0,300.0,180.0,3.0
673,2018.0,July-September,Kentucky,7000.0,840.0,12.0,300.0,660.0,9.0
674,2018.0,July-September,Louisiana,53000.0,1900.0,4.0,1600.0,2300.0,4.0
675,2018.0,July-September,Maine,12500.0,890.0,7.0,60.0,170.0,1.0
676,2018.0,July-September,Maryland,7500.0,360.0,5.0,580.0,680.0,9.0
677,2018.0,July-September,Massachusetts,10000.0,2200.0,22.0,850.0,730.0,7.0
678,2018.0,July-September,Michigan,88000.0,8000.0,9.0,3000.0,22000.0,25.0
679,2018.0,July-September,Minnesota,127000.0,29000.0,23.0,1600.0,6500.0,5.0
680,2018.0,July-September,Mississippi,16500.0,2900.0,18.0,110.0,650.0,4.0
681,2018.0,July-September,Missouri,10000.0,540.0,5.0,260.0,410.0,4.0
682,2018.0,July-September,Montana,153000.0,18500.0,12.0,3100.0,22000.0,14.0
683,2018.0,July-September,Nebraska,54000.0,6500.0,12.0,8500.0,5000.0,9.0
684,2018.0,July-September,New Jersey,14000.0,320.0,2.0,250.0,220.0,2.0
685,2018.0,July-September,New Mexico,7000.0,1200.0,17.0,3800.0,1000.0,14.0
686,2018.0,July-September,New York,56000.0,3900.0,7.0,3600.0,3700.0,7.0
687,2018.0,July-September,North Carolina,18000.0,2200.0,12.0,2600.0,2000.0,11.0
688,2018.0,July-September,North Dakota,490000.0,59000.0,12.0,23000.0,14500.0,3.0
689,2018.0,July-September,Ohio,16000.0,1300.0,8.0,1300.0,2100.0,13.0
690,,,,,,,,,
691,2018.0,July-September,Oregon,117000.0,13000.0,11.0,3000.0,49000.0,42.0
692,2018.0,July-September,Pennsylvania,21000.0,860.0,4.0,2900.0,2300.0,11.0
693,2018.0,July-September,South Carolina,11500.0,1400.0,12.0,670.0,1100.0,10.0
694,2018.0,July-September,South Dakota,197000.0,22000.0,11.0,8000.0,6500.0,3.0
695,2018.0,July-September,Tennessee,9000.0,900.0,10.0,540.0,1000.0,11.0
696,2018.0,July-September,Texas,124000.0,7500.0,6.0,7500.0,9500.0,8.0
697,2018.0,July-September,Utah,30000.0,4400.0,15.0,970.0,1400.0,5.0
698,2018.0,July-September,Vermont,7000.0,90.0,1.0,1200.0,80.0,1.0
699,2018.0,July-September,Virginia,7500.0,610.0,8.0,1000.0,990.0,13.0
700,2018.0,July-September,Washington,84000.0,12000.0,14.0,7000.0,3600.0,4.0
701,2018.0,July-September,West Virginia,8000.0,520.0,7.0,170.0,1200.0,15.0
702,2018.0,July-September,Wisconsin,69000.0,10000.0,14.0,2400.0,3800.0,6.0
703,2018.0,July-September,Wyoming,34000.0,3900.0,11.0,1800.0,3900.0,11.0
704,2018.0,July-September,Other States,9990.0,890.0,9.0,480.0,440.0,4.0
705,,,,,,,,,
706,2018.0,October-December,Alabama,6500.0,830.0,13.0,210.0,1300.0,20.0
707,2018.0,October-December,Arizona,27000.0,5000.0,19.0,2200.0,330.0,1.0
708,2018.0,October-December,Arkansas,31000.0,6000.0,19.0,110.0,230.0,1.0
709,2018.0,October-December,California,1200000.0,170000.0,14.0,86000.0,46000.0,4.0
710,,,,,,,,,
711,,,,,,,,,
712,2018.0,October-December,Florida,290000.0,43000.0,15.0,53000.0,20000.0,7.0
713,2018.0,October-December,Georgia,164000.0,19500.0,12.0,6500.0,49000.0,30.0
714,2018.0,October-December,Hawaii,16000.0,940.0,6.0,1700.0,6000.0,38.0
715,2018.0,October-December,Idaho,159000.0,15000.0,9.0,9000.0,910.0,1.0
716,2018.0,October-December,Illinois,12000.0,1400.0,12.0,600.0,350.0,3.0
717,2018.0,October-December,Indiana,9000.0,3300.0,37.0,40.0,1200.0,13.0
718,,,,,,,,,
719,,,,,,,,,
720,2018.0,October-December,Kentucky,7000.0,2000.0,29.0,60.0,430.0,6.0
721,,,,,,,,,
722,2018.0,October-December,Maine,12000.0,1400.0,12.0,210.0,880.0,7.0
723,2018.0,October-December,Maryland,9000.0,690.0,8.0,60.0,90.0,1.0
724,2018.0,October-December,Massachusetts,4900.0,650.0,13.0,110.0,320.0,7.0
725,2018.0,October-December,Michigan,77000.0,6000.0,8.0,3900.0,1800.0,2.0
726,2018.0,October-December,Minnesota,86000.0,11500.0,13.0,2500.0,590.0,1.0
727,,,,,,,,,
728,2018.0,October-December,Missouri,10000.0,880.0,9.0,170.0,150.0,2.0
729,,,,,,,,,
730,2018.0,October-December,Nebraska,45000.0,5000.0,11.0,7000.0,840.0,2.0
731,2018.0,October-December,New Jersey,15500.0,1300.0,8.0,30.0,80.0,1.0
732,,,,,,,,,
733,2018.0,October-December,New York,53000.0,4400.0,8.0,1000.0,1500.0,3.0
734,2018.0,October-December,North Carolina,16000.0,2700.0,17.0,250.0,300.0,2.0
735,,,,,,,,,
736,2018.0,October-December,Ohio,15500.0,2100.0,14.0,170.0,450.0,3.0
737,,,,,,,,,
738,2018.0,October-December,Oregon,101000.0,13000.0,13.0,10500.0,12000.0,12.0
739,2018.0,October-December,Pennsylvania,21000.0,4000.0,19.0,270.0,1500.0,7.0
740,2018.0,October-December,South Carolina,12500.0,1500.0,12.0,770.0,790.0,6.0
741,,,,,,,,,
742,2018.0,October-December,Tennessee,8500.0,1900.0,22.0,30.0,370.0,4.0
743,,,,,,,,,
744,2018.0,October-December,Utah,27000.0,3400.0,13.0,180.0,400.0,1.0
745,,,,,,,,,
746,2018.0,October-December,Virginia,7000.0,1100.0,16.0,80.0,1300.0,19.0
747,2018.0,October-December,Washington,81000.0,11000.0,14.0,5500.0,1400.0,2.0
748,2018.0,October-December,West Virginia,7000.0,1200.0,17.0,50.0,70.0,1.0
749,2018.0,October-December,Wisconsin,48000.0,8500.0,18.0,1600.0,530.0,1.0
750,,,,,,,,,
751,2018.0,October-December,Other States,8670.0,1150.0,13.0,20.0,500.0,6.0
752,,,,,,,,,
753,2019.0,January-March,Alabama,5500.0,650.0,12.0,800.0,200.0,4.0
754,,,,,,,,,
755,,,,,,,,,
756,2019.0,January-March,California,1580000.0,235000.0,15.0,83000.0,86000.0,5.0
757,,,,,,,,,
758,,,,,,,,,
759,2019.0,January-March,Florida,315000.0,46000.0,15.0,41000.0,16500.0,5.0
760,2019.0,January-March,Georgia,129000.0,14500.0,11.0,19500.0,8000.0,6.0
761,2019.0,January-March,Hawaii,16500.0,390.0,2.0,660.0,3700.0,22.0
762,2019.0,January-March,Idaho,145000.0,12500.0,9.0,4600.0,1100.0,1.0
763,2019.0,January-March,Illinois,9000.0,2300.0,26.0,210.0,80.0,1.0
764,2019.0,January-March,Indiana,6000.0,710.0,12.0,440.0,280.0,5.0
765,2019.0,January-March,Iowa,11500.0,1600.0,14.0,170.0,140.0,1.0
766,2019.0,January-March,Kansas,4500.0,1500.0,33.0,370.0,110.0,2.0
767,2019.0,January-March,Kentucky,4400.0,890.0,20.0,60.0,30.0,1.0
768,2019.0,January-March,Louisiana,51000.0,3500.0,7.0,9000.0,16000.0,31.0
769,,,,,,,,,
770,,,,,,,,,
771,2019.0,January-March,Massachusetts,3800.0,680.0,18.0,60.0,20.0,1.0
772,,,,,,,,,
773,2019.0,January-March,Minnesota,43000.0,2200.0,5.0,80.0,470.0,1.0
774,2019.0,January-March,Mississippi,29000.0,2400.0,8.0,3800.0,1700.0,6.0
775,2019.0,January-March,Missouri,8500.0,1100.0,13.0,80.0,60.0,1.0
776,2019.0,January-March,Montana,68000.0,3500.0,5.0,1700.0,1900.0,3.0
777,,,,,,,,,
778,2019.0,January-March,New Jersey,6000.0,310.0,5.0,130.0,60.0,1.0
779,,,,,,,,,
780,,,,,,,,,
781,2019.0,January-March,North Carolina,14500.0,1700.0,12.0,750.0,890.0,6.0
782,,,,,,,,,
783,2019.0,January-March,Ohio,12500.0,3500.0,28.0,1700.0,440.0,4.0
784,,,,,,,,,
785,2019.0,January-March,Oregon,95000.0,7500.0,8.0,8000.0,1800.0,2.0
786,2019.0,January-March,Pennsylvania,15000.0,2900.0,19.0,370.0,320.0,2.0
787,2019.0,January-March,South Carolina,13000.0,690.0,5.0,2000.0,340.0,3.0
788,,,,,,,,,
789,2019.0,January-March,Tennessee,7000.0,1500.0,21.0,240.0,320.0,5.0
790,2019.0,January-March,Texas,330000.0,17000.0,5.0,61000.0,35000.0,11.0
791,,,,,,,,,
792,,,,,,,,,
793,2019.0,January-March,Virginia,5500.0,1100.0,20.0,80.0,110.0,2.0
794,2019.0,January-March,Washington,75000.0,7000.0,9.0,5500.0,2200.0,3.0
795,2019.0,January-March,West Virginia,7000.0,1300.0,19.0,20.0,60.0,1.0
796,2019.0,January-March,Wisconsin,17000.0,3700.0,22.0,580.0,100.0,1.0
797,,,,,,,,,
798,,,,,,,,,
799,,,,,,,,,
800,,,,,,,,,
801,,,,,,,,,
802,,,,,,,,,
803,,,,,,,,,
804,,,,,,,,,
805,,,,,,,,,
806,,,,,,,,,
807,,,,,,,,,
808,,,,,,,,,
809,,,,,,,,,
810,,,,,,,,,
811,,,,,,,,,
812,,,,,,,,,
813,,,,,,,,,
814,,,,,,,,,
815,,,,,,,,,
816,,,,,,,,,
817,,,,,,,,,
818,,,,,,,,,
819,,,,,,,,,
820,,,,,,,,,
821,,,,,,,,,
822,,,,,,,,,
823,,,,,,,,,
824,,,,,,,,,
825,,,,,,,,,
826,,,,,,,,,
827,,,,,,,,,
828,,,,,,,,,
829,,,,,,,,,
830,,,,,,,,,
831,,,,,,,,,
832,,,,,,,,,
833,,,,,,,,,
834,,,,,,,,,
835,,,,,,,,,
836,,,,,,,,,
837,,,,,,,,,
838,,,,,,,,,
839,,,,,,,,,
840,,,,,,,,,
841,,,,,,,,,
842,,,,,,,,,
843,,,,,,,,,
844,,,,,,,,,
845,,,,,,,,,
846,,,,,,,,,
847,2019.0,July-September,Alabama,7000.0,990.0,14.0,160.0,330.0,5.0
848,2019.0,July-September,Arizona,30000.0,2000.0,7.0,5500.0,3800.0,13.0
849,2019.0,July-September,Arkansas,21000.0,2100.0,10.0,170.0,680.0,3.0
850,2019.0,July-September,California,700000.0,93000.0,13.0,87000.0,108000.0,15.0
851,2019.0,July-September,Colorado,36000.0,9500.0,26.0,2200.0,3400.0,9.0
852,2019.0,July-September,Connecticut,4400.0,200.0,5.0,70.0,470.0,11.0
853,2019.0,July-September,Florida,240000.0,20000.0,8.0,46000.0,33000.0,14.0
854,2019.0,July-September,Georgia,118000.0,13000.0,11.0,12000.0,36000.0,31.0
855,2019.0,July-September,Hawaii,17000.0,200.0,1.0,200.0,6000.0,35.0
856,2019.0,July-September,Idaho,111000.0,10500.0,9.0,8500.0,12500.0,11.0
857,2019.0,July-September,Illinois,13500.0,940.0,7.0,460.0,1300.0,10.0
858,2019.0,July-September,Indiana,16000.0,1000.0,6.0,2200.0,1500.0,9.0
859,2019.0,July-September,Iowa,33000.0,3400.0,10.0,2000.0,4800.0,15.0
860,2019.0,July-September,Kansas,7500.0,1900.0,25.0,190.0,400.0,5.0
861,2019.0,July-September,Kentucky,8500.0,850.0,10.0,700.0,430.0,5.0
862,2019.0,July-September,Louisiana,44000.0,4100.0,9.0,4400.0,13000.0,30.0
863,2019.0,July-September,Maine,12000.0,1100.0,9.0,460.0,3500.0,29.0
864,2019.0,July-September,Maryland,7500.0,790.0,11.0,720.0,1200.0,16.0
865,2019.0,July-September,Massachusetts,13500.0,1100.0,8.0,800.0,560.0,4.0
866,2019.0,July-September,Michigan,99000.0,11000.0,11.0,3000.0,3300.0,3.0
867,2019.0,July-September,Minnesota,129000.0,21000.0,16.0,5000.0,2100.0,2.0
868,2019.0,July-September,Mississippi,23000.0,2900.0,13.0,550.0,850.0,4.0
869,2019.0,July-September,Missouri,10500.0,500.0,5.0,260.0,350.0,3.0
870,2019.0,July-September,Montana,154000.0,18500.0,12.0,3600.0,12500.0,8.0
871,2019.0,July-September,Nebraska,41000.0,3700.0,9.0,680.0,1400.0,3.0
872,2019.0,July-September,New Jersey,16000.0,680.0,4.0,650.0,3100.0,19.0
873,2019.0,July-September,New Mexico,5500.0,170.0,3.0,1000.0,550.0,10.0
874,2019.0,July-September,New York,69000.0,8500.0,12.0,3200.0,3700.0,5.0
875,2019.0,July-September,North Carolina,22000.0,2700.0,12.0,1800.0,5000.0,23.0
876,2019.0,July-September,North Dakota,530000.0,81000.0,15.0,15000.0,17500.0,3.0
877,2019.0,July-September,Ohio,19500.0,1600.0,8.0,2800.0,3000.0,15.0
878,2019.0,July-September,Oklahoma,7500.0,930.0,12.0,130.0,1100.0,15.0
879,2019.0,July-September,Oregon,118000.0,8000.0,7.0,6000.0,21000.0,18.0
880,2019.0,July-September,Pennsylvania,20000.0,980.0,5.0,1800.0,1900.0,10.0
881,2019.0,July-September,South Carolina,14500.0,2200.0,15.0,2000.0,1400.0,10.0
882,2019.0,July-September,South Dakota,255000.0,51000.0,20.0,1300.0,8000.0,3.0
883,2019.0,July-September,Tennessee,14000.0,4500.0,32.0,2200.0,2200.0,16.0
884,2019.0,July-September,Texas,133000.0,11000.0,8.0,6500.0,7000.0,5.0
885,2019.0,July-September,Utah,29000.0,2800.0,10.0,3500.0,1700.0,6.0
886,2019.0,July-September,Vermont,7000.0,120.0,2.0,80.0,490.0,7.0
887,2019.0,July-September,Virginia,9000.0,570.0,6.0,350.0,820.0,9.0
888,2019.0,July-September,Washington,97000.0,21000.0,22.0,12000.0,10000.0,10.0
889,2019.0,July-September,West Virginia,10000.0,1100.0,11.0,200.0,1100.0,11.0
890,2019.0,July-September,Wisconsin,63000.0,6500.0,10.0,2400.0,10000.0,16.0
891,2019.0,July-September,Wyoming,27000.0,3000.0,11.0,2500.0,3500.0,13.0
892,2019.0,July-September,Other States,13900.0,2080.0,15.0,320.0,900.0,6.0
893,,,,,,,,,
894,2019.0,October-December,Alabama,6000.0,660.0,11.0,240.0,70.0,1.0
895,2019.0,October-December,Arizona,36000.0,7000.0,19.0,300.0,300.0,1.0
896,2019.0,October-December,Arkansas,19500.0,1600.0,8.0,430.0,310.0,2.0
897,2019.0,October-December,California,1300000.0,136000.0,10.0,160000.0,37000.0,3.0
898,2019.0,October-December,Colorado,27000.0,8000.0,30.0,1100.0,440.0,2.0
899,2019.0,October-December,Connecticut,4000.0,300.0,8.0,10.0,50.0,1.0
900,2019.0,October-December,Florida,300000.0,30000.0,10.0,28000.0,15000.0,5.0
901,2019.0,October-December,Georgia,131000.0,20000.0,15.0,10500.0,10500.0,8.0
902,,,,,,,,,
903,2019.0,October-December,Idaho,196000.0,15500.0,8.0,1800.0,1000.0,1.0
904,2019.0,October-December,Illinois,13000.0,1700.0,13.0,1000.0,1500.0,12.0
905,2019.0,October-December,Indiana,17500.0,1300.0,7.0,160.0,180.0,1.0
906,2019.0,October-December,Iowa,32000.0,7500.0,23.0,1500.0,530.0,2.0
907,2019.0,October-December,Kansas,4900.0,650.0,13.0,190.0,460.0,9.0
908,2019.0,October-December,Kentucky,8500.0,410.0,5.0,190.0,170.0,2.0
909,,,,,,,,,
910,,,,,,,,,
911,2019.0,October-December,Maryland,8000.0,1100.0,14.0,390.0,420.0,5.0
912,2019.0,October-December,Massachusetts,5000.0,1200.0,24.0,60.0,130.0,3.0
913,2019.0,October-December,Michigan,84000.0,6500.0,8.0,820.0,1500.0,2.0
914,,,,,,,,,
915,,,,,,,,,
916,,,,,,,,,
917,2019.0,October-December,Montana,79000.0,7000.0,9.0,770.0,4000.0,5.0
918,,,,,,,,,
919,2019.0,October-December,New Jersey,15500.0,220.0,1.0,60.0,80.0,1.0
920,,,,,,,,,
921,2019.0,October-December,New York,65000.0,10000.0,15.0,630.0,510.0,1.0
922,2019.0,October-December,North Carolina,18000.0,3200.0,18.0,240.0,770.0,4.0
923,2019.0,October-December,North Dakota,420000.0,27000.0,6.0,3000.0,4300.0,1.0
924,2019.0,October-December,Ohio,19000.0,2700.0,14.0,800.0,390.0,2.0
925,,,,,,,,,
926,2019.0,October-December,Oregon,130000.0,15000.0,12.0,650.0,2000.0,2.0
927,2019.0,October-December,Pennsylvania,21000.0,3800.0,18.0,1600.0,1100.0,5.0
928,2019.0,October-December,South Carolina,13500.0,1900.0,14.0,1400.0,430.0,3.0
929,,,,,,,,,
930,2019.0,October-December,Tennessee,11000.0,1300.0,12.0,20.0,70.0,1.0
931,2019.0,October-December,Texas,240000.0,17500.0,7.0,8000.0,1700.0,1.0
932,,,,,,,,,
933,2019.0,October-December,Vermont,7000.0,190.0,3.0,100.0,270.0,4.0
934,2019.0,October-December,Virginia,8000.0,1200.0,15.0,10.0,190.0,2.0
935,,,,,,,,,
936,2019.0,October-December,West Virginia,8000.0,1500.0,19.0,30.0,1600.0,20.0
937,2019.0,October-December,Wisconsin,46000.0,8500.0,18.0,1800.0,3000.0,7.0
938,2019.0,October-December,Wyoming,28000.0,3300.0,12.0,100.0,490.0,2.0
939,,,,,,,,,
940,,,,,,,,,
941,2020.0,January-March,Alabama,8000.0,410.0,5.0,1000.0,780.0,10.0
942,,,,,,,,,
943,,,,,,,,,
944,2020.0,January-March,California,1710000.0,230000.0,13.0,240000.0,66000.0,4.0
945,2020.0,January-March,Colorado,16000.0,650.0,4.0,850.0,500.0,3.0
946,,,,,,,,,
947,2020.0,January-March,Florida,310000.0,30000.0,10.0,41000.0,8000.0,3.0
948,2020.0,January-March,Georgia,121000.0,14500.0,12.0,32000.0,22000.0,18.0
949,2020.0,January-March,Hawaii,16000.0,1500.0,9.0,1000.0,2200.0,14.0
950,2020.0,January-March,Idaho,168000.0,18500.0,11.0,4400.0,920.0,1.0
951,2020.0,January-March,Illinois,13000.0,2100.0,16.0,900.0,160.0,1.0
952,2020.0,January-March,Indiana,11500.0,1600.0,14.0,880.0,420.0,4.0
953,2020.0,January-March,Iowa,21000.0,1600.0,8.0,1200.0,420.0,2.0
954,2020.0,January-March,Kansas,7000.0,750.0,11.0,1200.0,130.0,2.0
955,2020.0,January-March,Kentucky,10500.0,1200.0,11.0,1500.0,120.0,1.0
956,2020.0,January-March,Louisiana,48000.0,4800.0,10.0,9000.0,20000.0,42.0
957,,,,,,,,,
958,,,,,,,,,
959,2020.0,January-March,Massachusetts,4000.0,350.0,9.0,600.0,100.0,3.0
960,,,,,,,,,
961,,,,,,,,,
962,2020.0,January-March,Mississippi,28000.0,5000.0,18.0,16000.0,660.0,2.0
963,,,,,,,,,
964,,,,,,,,,
965,,,,,,,,,
966,2020.0,January-March,New Jersey,7000.0,250.0,4.0,110.0,40.0,1.0
967,,,,,,,,,
968,2020.0,January-March,New York,36000.0,3700.0,10.0,230.0,370.0,1.0
969,2020.0,January-March,North Carolina,23000.0,2200.0,10.0,3000.0,490.0,2.0
970,,,,,,,,,
971,2020.0,January-March,Ohio,20000.0,5500.0,28.0,840.0,1100.0,6.0
972,,,,,,,,,
973,2020.0,January-March,Oregon,108000.0,4800.0,4.0,9000.0,1700.0,2.0
974,2020.0,January-March,Pennsylvania,24000.0,1000.0,4.0,1100.0,320.0,1.0
975,2020.0,January-March,South Carolina,16500.0,800.0,5.0,3500.0,1100.0,7.0
976,,,,,,,,,
977,2020.0,January-March,Tennessee,14000.0,1500.0,11.0,1000.0,130.0,1.0
978,2020.0,January-March,Texas,340000.0,35000.0,10.0,83000.0,24000.0,7.0
979,,,,,,,,,
980,,,,,,,,,
981,2020.0,January-March,Virginia,7000.0,1100.0,16.0,1600.0,60.0,1.0
982,,,,,,,,,
983,2020.0,January-March,West Virginia,8000.0,1100.0,14.0,450.0,680.0,9.0
984,2020.0,January-March,Wisconsin,26000.0,1500.0,6.0,2000.0,370.0,1.0
985,,,,,,,,,
986,,,,,,,,,
987,,,,,,,,,
988,2020.0,April-June,Alabama,8500.0,4100.0,48.0,4700.0,2620.0,31.0
989,2020.0,April-June,Arizona,26000.0,1300.0,5.0,14000.0,4700.0,18.0
990,2020.0,April-June,Arkansas,17000.0,1900.0,11.0,5000.0,800.0,5.0
991,2020.0,April-June,California,1200000.0,74000.0,6.0,184000.0,240000.0,20.0
992,2020.0,April-June,Colorado,27000.0,2100.0,8.0,6000.0,2800.0,10.0
993,2020.0,April-June,Connecticut,4300.0,30.0,1.0,1200.0,480.0,11.0
994,2020.0,April-June,Florida,325000.0,39000.0,12.0,36000.0,23000.0,7.0
995,2020.0,April-June,Georgia,143000.0,10000.0,7.0,19500.0,19000.0,13.0
996,,,,,,,,,
997,2020.0,April-June,Idaho,81000.0,14500.0,18.0,32000.0,29000.0,36.0
998,2020.0,April-June,Illinois,12000.0,1500.0,13.0,4200.0,1700.0,14.0
999,2020.0,April-June,Indiana,12000.0,920.0,8.0,4300.0,3200.0,27.0
1000,2020.0,April-June,Iowa,29000.0,3600.0,12.0,14500.0,4700.0,16.0
1001,2020.0,April-June,Kansas,8000.0,440.0,6.0,1800.0,1800.0,23.0
1002,2020.0,April-June,Kentucky,11000.0,1200.0,11.0,4200.0,3500.0,32.0
1003,2020.0,April-June,Louisiana,53000.0,1800.0,3.0,2200.0,4700.0,9.0
1004,2020.0,April-June,Maine,22000.0,1300.0,6.0,520.0,110.0,1.0
1005,2020.0,April-June,Maryland,8000.0,680.0,9.0,4500.0,1700.0,21.0
1006,2020.0,April-June,Massachusetts,13500.0,740.0,5.0,980.0,590.0,4.0
1007,2020.0,April-June,Michigan,79000.0,2600.0,3.0,9500.0,10000.0,13.0
1008,2020.0,April-June,Minnesota,126000.0,6500.0,5.0,20000.0,2600.0,2.0
1009,2020.0,April-June,Mississippi,37000.0,3000.0,8.0,3700.0,570.0,2.0
1010,2020.0,April-June,Missouri,6500.0,390.0,6.0,2900.0,1200.0,18.0
1011,2020.0,April-June,Montana,120000.0,3800.0,3.0,14000.0,16500.0,14.0
1012,2020.0,April-June,Nebraska,39000.0,1800.0,5.0,7000.0,1100.0,3.0
1013,2020.0,April-June,New Jersey,20000.0,760.0,4.0,1600.0,720.0,4.0
1014,2020.0,April-June,New Mexico,6000.0,50.0,1.0,250.0,60.0,1.0
1015,2020.0,April-June,New York,56000.0,4900.0,9.0,6500.0,3300.0,6.0
1016,2020.0,April-June,North Carolina,25000.0,1600.0,6.0,6000.0,1300.0,5.0
1017,2020.0,April-June,North Dakota,395000.0,17500.0,4.0,29000.0,37000.0,9.0
1018,2020.0,April-June,Ohio,16500.0,1700.0,10.0,9500.0,3700.0,22.0
1019,2020.0,April-June,Oklahoma,16000.0,1500.0,9.0,6000.0,3100.0,19.0
1020,2020.0,April-June,Oregon,95000.0,2500.0,3.0,10500.0,19000.0,20.0
1021,2020.0,April-June,Pennsylvania,27000.0,1000.0,4.0,6000.0,1700.0,6.0
1022,2020.0,April-June,South Carolina,20000.0,1700.0,9.0,2700.0,2500.0,13.0
1023,2020.0,April-June,South Dakota,205000.0,4600.0,2.0,8500.0,14500.0,7.0
1024,2020.0,April-June,Tennessee,13500.0,1200.0,9.0,4200.0,3200.0,24.0
1025,2020.0,April-June,Texas,385000.0,25000.0,6.0,75000.0,136000.0,35.0
1026,2020.0,April-June,Utah,31000.0,2700.0,9.0,7000.0,13500.0,44.0
1027,2020.0,April-June,Vermont,7000.0,260.0,4.0,700.0,130.0,2.0
1028,2020.0,April-June,Virginia,8000.0,1200.0,15.0,4800.0,1300.0,16.0
1029,2020.0,April-June,Washington,114000.0,3100.0,3.0,5000.0,3300.0,3.0
1030,2020.0,April-June,West Virginia,7500.0,570.0,8.0,1600.0,1500.0,20.0
1031,2020.0,April-June,Wisconsin,53000.0,1700.0,3.0,11500.0,4600.0,9.0
1032,2020.0,April-June,Wyoming,24000.0,1600.0,7.0,2300.0,2100.0,9.0
1033,2020.0,April-June,Other States,7440.0,250.0,3.0,1270.0,1500.0,20.0
1034,,,,,,,,,
1035,2020.0,July-September,Alabama,19000.0,3700.0,19.0,1800.0,990.0,5.0
1036,2020.0,July-September,Arizona,30000.0,8000.0,27.0,2600.0,1800.0,6.0
1037,2020.0,July-September,Arkansas,22000.0,1700.0,8.0,1500.0,390.0,2.0
1038,2020.0,July-September,California,700000.0,69000.0,10.0,61000.0,108000.0,15.0
1039,2020.0,July-September,Colorado,29000.0,7000.0,24.0,3800.0,5500.0,19.0
1040,2020.0,July-September,Connecticut,4700.0,300.0,6.0,130.0,150.0,3.0
1041,2020.0,July-September,Florida,230000.0,29000.0,13.0,36000.0,31000.0,13.0
1042,2020.0,July-September,Georgia,163000.0,23000.0,14.0,22000.0,35000.0,21.0
1043,2020.0,July-September,Hawaii,18500.0,500.0,3.0,4000.0,3400.0,18.0
1044,2020.0,July-September,Idaho,85000.0,11000.0,13.0,18500.0,8500.0,10.0
1045,2020.0,July-September,Illinois,14000.0,1400.0,10.0,770.0,690.0,5.0
1046,2020.0,July-September,Indiana,15000.0,1600.0,11.0,1200.0,2700.0,18.0
1047,2020.0,July-September,Iowa,38000.0,1800.0,5.0,1100.0,2900.0,8.0
1048,2020.0,July-September,Kansas,7000.0,910.0,13.0,600.0,730.0,10.0
1049,2020.0,July-September,Kentucky,12000.0,1400.0,12.0,800.0,510.0,4.0
1050,2020.0,July-September,Louisiana,48000.0,2600.0,5.0,1200.0,3100.0,6.0
1051,2020.0,July-September,Maine,10000.0,1500.0,15.0,700.0,820.0,8.0
1052,2020.0,July-September,Maryland,7500.0,690.0,9.0,1200.0,220.0,3.0
1053,2020.0,July-September,Massachusetts,11000.0,330.0,3.0,840.0,810.0,7.0
1054,2020.0,July-September,Michigan,106000.0,34000.0,32.0,37000.0,11000.0,10.0
1055,2020.0,July-September,Minnesota,119000.0,10500.0,9.0,1800.0,3700.0,3.0
1056,,,,,,,,,
1057,2020.0,July-September,Missouri,8000.0,730.0,9.0,290.0,820.0,10.0
1058,2020.0,July-September,Montana,139000.0,8500.0,6.0,6500.0,28000.0,20.0
1059,2020.0,July-September,Nebraska,48000.0,4300.0,9.0,3000.0,3100.0,6.0
1060,2020.0,July-September,New Jersey,18500.0,2300.0,12.0,1500.0,1800.0,10.0
1061,2020.0,July-September,New Mexico,5500.0,1600.0,29.0,3300.0,760.0,14.0
1062,2020.0,July-September,New York,61000.0,3600.0,6.0,5500.0,1600.0,3.0
1063,2020.0,July-September,North Carolina,27000.0,4600.0,17.0,950.0,5500.0,20.0
1064,2020.0,July-September,North Dakota,495000.0,53000.0,11.0,57000.0,33000.0,7.0
1065,2020.0,July-September,Ohio,22000.0,1900.0,9.0,730.0,2100.0,10.0
1066,2020.0,July-September,Oklahoma,8000.0,1100.0,14.0,150.0,930.0,12.0
1067,2020.0,July-September,Oregon,124000.0,12000.0,10.0,13000.0,28000.0,23.0
1068,2020.0,July-September,Pennsylvania,27000.0,2200.0,8.0,2500.0,1200.0,4.0
1069,2020.0,July-September,South Carolina,13500.0,1800.0,13.0,1200.0,2200.0,16.0
1070,2020.0,July-September,South Dakota,235000.0,66000.0,28.0,30000.0,12500.0,5.0
1071,2020.0,July-September,Tennessee,15000.0,2200.0,15.0,460.0,860.0,6.0
1072,2020.0,July-September,Texas,173000.0,9500.0,5.0,9000.0,7500.0,4.0
1073,2020.0,July-September,Utah,30000.0,2000.0,7.0,1500.0,2300.0,8.0
1074,2020.0,July-September,Vermont,7500.0,210.0,3.0,700.0,180.0,2.0
1075,2020.0,July-September,Virginia,8500.0,1200.0,14.0,910.0,730.0,9.0
1076,2020.0,July-September,Washington,104000.0,7000.0,7.0,5000.0,8500.0,8.0
1077,2020.0,July-September,West Virginia,8000.0,540.0,7.0,210.0,800.0,10.0
1078,2020.0,July-September,Wisconsin,68000.0,8000.0,12.0,970.0,9000.0,13.0
1079,2020.0,July-September,Wyoming,34000.0,3600.0,11.0,640.0,7500.0,22.0
1080,2020.0,July-September,Other States,11630.0,2080.0,18.0,2230.0,700.0,6.0
1081,,,,,,,,,
1082,,,,,,,,,
1083,2020.0,October-December,Arizona,27000.0,4000.0,15.0,5500.0,600.0,2.0
1084,2020.0,October-December,Arkansas,23000.0,2100.0,9.0,380.0,780.0,3.0
1085,2020.0,October-December,California,1400000.0,164000.0,12.0,120000.0,58000.0,4.0
1086,,,,,,,,,
1087,,,,,,,,,
1088,2020.0,October-December,Florida,290000.0,29000.0,10.0,50000.0,17500.0,6.0
1089,2020.0,October-December,Georgia,174000.0,30000.0,17.0,11000.0,11000.0,6.0
1090,2020.0,October-December,Hawaii,22000.0,2700.0,12.0,200.0,370.0,2.0
1091,2020.0,October-December,Idaho,180000.0,19000.0,11.0,8000.0,1700.0,1.0
1092,2020.0,October-December,Illinois,13000.0,1700.0,13.0,330.0,410.0,3.0
1093,2020.0,October-December,Indiana,11000.0,930.0,8.0,240.0,260.0,2.0
1094,2020.0,October-December,Iowa,38000.0,4800.0,13.0,700.0,850.0,2.0
1095,2020.0,October-December,Kansas,7000.0,2400.0,34.0,460.0,170.0,2.0
1096,2020.0,October-December,Kentucky,11500.0,1100.0,10.0,380.0,520.0,5.0
1097,2020.0,October-December,Louisiana,52000.0,1700.0,3.0,30.0,620.0,1.0
1098,2020.0,October-December,Maine,9000.0,100.0,1.0,180.0,250.0,3.0
1099,2020.0,October-December,Maryland,8000.0,980.0,12.0,60.0,460.0,6.0
1100,2020.0,October-December,Massachusetts,10000.0,390.0,4.0,270.0,90.0,1.0
1101,2020.0,October-December,Michigan,101000.0,10500.0,10.0,2400.0,1600.0,2.0
1102,,,,,,,,,
1103,,,,,,,,,
1104,2020.0,October-December,Missouri,7000.0,750.0,11.0,20.0,110.0,2.0
1105,,,,,,,,,
1106,2020.0,October-December,Nebraska,43000.0,7000.0,16.0,280.0,2500.0,6.0
1107,2020.0,October-December,New Jersey,18000.0,310.0,2.0,2000.0,480.0,3.0
1108,2020.0,October-December,New Mexico,3600.0,190.0,5.0,80.0,50.0,1.0
1109,2020.0,October-December,New York,52000.0,4100.0,8.0,2400.0,5000.0,10.0
1110,2020.0,October-December,North Carolina,22000.0,2500.0,11.0,200.0,9000.0,41.0
1111,,,,,,,,,
1112,2020.0,October-December,Ohio,21000.0,1600.0,8.0,10.0,490.0,2.0
1113,,,,,,,,,
1114,2020.0,October-December,Oregon,123000.0,15500.0,13.0,7000.0,2600.0,2.0
1115,2020.0,October-December,Pennsylvania,25000.0,1900.0,8.0,580.0,440.0,2.0
1116,2020.0,October-December,South Carolina,18500.0,2600.0,14.0,270.0,210.0,1.0
1117,,,,,,,,,
1118,2020.0,October-December,Tennessee,13500.0,680.0,5.0,20.0,640.0,5.0
1119,2020.0,October-December,Texas,255000.0,43000.0,17.0,27000.0,1700.0,1.0
1120,,,,,,,,,
1121,,,,,,,,,
1122,2020.0,October-December,Virginia,8500.0,1000.0,12.0,70.0,450.0,5.0
1123,2020.0,October-December,Washington,103000.0,16500.0,16.0,6000.0,2000.0,2.0
1124,2020.0,October-December,West Virginia,7500.0,550.0,7.0,120.0,800.0,11.0
1125,2020.0,October-December,Wisconsin,60000.0,8000.0,13.0,2800.0,4700.0,8.0
1126,2020.0,October-December,Wyoming,25000.0,1600.0,6.0,160.0,380.0,2.0
1127,2020.0,October-December,Other States,10740.0,2470.0,23.0,80.0,1300.0,12.0
1128,,,,,,,,,
1129,2021.0,January-March,Alabama,10000.0,1200.0,12.0,670.0,200.0,2.0
1130,2021.0,January-March,Arizona,29000.0,7000.0,24.0,3500.0,180.0,1.0
1131,2021.0,January-March,Arkansas,21000.0,2200.0,10.0,790.0,130.0,1.0
1132,2021.0,January-March,California,1550000.0,193000.0,12.0,76000.0,84000.0,5.0
1133,,,,,,,,,
1134,2021.0,January-March,Connecticut,4200.0,780.0,19.0,350.0,50.0,1.0
1135,2021.0,January-March,Florida,305000.0,31000.0,10.0,42000.0,17000.0,6.0
1136,2021.0,January-March,Georgia,120000.0,20000.0,17.0,34000.0,14500.0,12.0
1137,2021.0,January-March,Hawaii,19500.0,900.0,5.0,2400.0,1600.0,8.0
1138,2021.0,January-March,Idaho,171000.0,15000.0,9.0,9000.0,8500.0,5.0
1139,2021.0,January-March,Illinois,12500.0,3000.0,24.0,3300.0,200.0,2.0
1140,,,,,,,,,
1141,,,,,,,,,
1142,,,,,,,,,
1143,2021.0,January-March,Kentucky,9500.0,2100.0,22.0,2500.0,80.0,1.0
1144,2021.0,January-March,Louisiana,53000.0,7500.0,14.0,1100.0,3000.0,6.0
1145,2021.0,January-March,Maine,2900.0,300.0,10.0,60.0,80.0,3.0
1146,2021.0,January-March,Maryland,7000.0,1200.0,17.0,590.0,240.0,3.0
1147,2021.0,January-March,Massachusetts,5000.0,1000.0,20.0,30.0,90.0,2.0
1148,2021.0,January-March,Michigan,78000.0,1500.0,2.0,320.0,4100.0,5.0
1149,,,,,,,,,
1150,2021.0,January-March,Mississippi,36000.0,5500.0,15.0,14500.0,3800.0,11.0
1151,2021.0,January-March,Missouri,5500.0,1500.0,27.0,780.0,40.0,1.0
1152,,,,,,,,,
1153,,,,,,,,,
1154,2021.0,January-March,New Jersey,14000.0,360.0,3.0,610.0,80.0,1.0
1155,,,,,,,,,
1156,2021.0,January-March,New York,30000.0,4900.0,16.0,3400.0,380.0,1.0
1157,2021.0,January-March,North Carolina,21000.0,2100.0,10.0,2700.0,110.0,1.0
1158,,,,,,,,,
1159,,,,,,,,,
1160,2021.0,January-March,Oklahoma,28000.0,2600.0,9.0,4100.0,360.0,1.0
1161,2021.0,January-March,Oregon,79000.0,3100.0,4.0,2600.0,610.0,1.0
1162,,,,,,,,,
1163,2021.0,January-March,South Carolina,18500.0,1200.0,6.0,930.0,190.0,1.0
1164,,,,,,,,,
1165,2021.0,January-March,Tennessee,13000.0,2200.0,17.0,960.0,310.0,2.0
1166,2021.0,January-March,Texas,345000.0,23000.0,7.0,56000.0,13000.0,4.0
1167,,,,,,,,,
1168,2021.0,January-March,Vermont,7500.0,1300.0,17.0,670.0,70.0,1.0
1169,2021.0,January-March,Virginia,7000.0,1400.0,20.0,2300.0,50.0,1.0
1170,2021.0,January-March,Washington,67000.0,6000.0,9.0,5500.0,850.0,1.0
1171,2021.0,January-March,West Virginia,7500.0,1200.0,16.0,1700.0,720.0,10.0
1172,,,,,,,,,
1173,2021.0,January-March,Wyoming,14500.0,1700.0,12.0,500.0,1200.0,8.0
1174,2021.0,January-March,Other States,6640.0,540.0,8.0,600.0,70.0,1.0
1175,,,,,,,,,
1176,2021.0,April-June,Alabama,9500.0,2700.0,28.0,2800.0,930.0,10.0
1177,2021.0,April-June,Arizona,26000.0,4200.0,16.0,8500.0,7500.0,29.0
1178,2021.0,April-June,Arkansas,12000.0,1600.0,13.0,9000.0,6000.0,50.0
1179,2021.0,April-June,California,1060000.0,64000.0,6.0,200000.0,180000.0,17.0
1180,2021.0,April-June,Colorado,22000.0,5500.0,25.0,4800.0,1100.0,5.0
1181,2021.0,April-June,Connecticut,4000.0,60.0,2.0,960.0,400.0,10.0
1182,2021.0,April-June,Florida,300000.0,33000.0,11.0,52000.0,31000.0,10.0
1183,2021.0,April-June,Georgia,136000.0,20000.0,15.0,25000.0,18500.0,14.0
1184,2021.0,April-June,Hawaii,21000.0,630.0,3.0,460.0,1200.0,6.0
1185,2021.0,April-June,Idaho,120000.0,19500.0,16.0,40000.0,19000.0,16.0
1186,2021.0,April-June,Illinois,13000.0,1100.0,8.0,3700.0,2100.0,16.0
1187,2021.0,April-June,Indiana,12500.0,560.0,4.0,4000.0,1000.0,8.0
1188,2021.0,April-June,Iowa,27000.0,2200.0,8.0,10500.0,3900.0,14.0
1189,2021.0,April-June,Kansas,8000.0,870.0,11.0,4900.0,1600.0,20.0
1190,2021.0,April-June,Kentucky,11500.0,270.0,2.0,2100.0,4500.0,39.0
1191,2021.0,April-June,Louisiana,30000.0,2300.0,8.0,8000.0,2000.0,7.0
1192,2021.0,April-June,Maine,18000.0,1100.0,6.0,430.0,260.0,1.0
1193,2021.0,April-June,Maryland,7500.0,320.0,4.0,2600.0,690.0,9.0
1194,2021.0,April-June,Massachusetts,10000.0,810.0,8.0,1400.0,310.0,3.0
1195,2021.0,April-June,Michigan,97000.0,3500.0,4.0,10000.0,8000.0,8.0
1196,2021.0,April-June,Minnesota,98000.0,5500.0,6.0,28000.0,4000.0,4.0
1197,2021.0,April-June,Mississippi,35000.0,4800.0,14.0,9000.0,8000.0,23.0
1198,2021.0,April-June,Missouri,4800.0,670.0,14.0,2000.0,670.0,14.0
1199,2021.0,April-June,Montana,116000.0,3100.0,3.0,13500.0,15500.0,13.0
1200,2021.0,April-June,Nebraska,37000.0,1800.0,5.0,8500.0,810.0,2.0
1201,2021.0,April-June,New Jersey,19500.0,410.0,2.0,1400.0,140.0,1.0
1202,2021.0,April-June,New Mexico,5500.0,540.0,10.0,80.0,2300.0,42.0
1203,2021.0,April-June,New York,50000.0,3000.0,6.0,14500.0,4100.0,8.0
1204,2021.0,April-June,North Carolina,23000.0,1700.0,7.0,6000.0,3300.0,14.0
1205,2021.0,April-June,North Dakota,395000.0,4400.0,1.0,4800.0,3500.0,1.0
1206,2021.0,April-June,Ohio,13500.0,820.0,6.0,6500.0,2400.0,18.0
1207,2021.0,April-June,Oklahoma,17000.0,3600.0,21.0,4200.0,190.0,1.0
1208,2021.0,April-June,Oregon,84000.0,3300.0,4.0,25000.0,19500.0,23.0
1209,2021.0,April-June,Pennsylvania,23000.0,2100.0,9.0,7000.0,2800.0,12.0
1210,2021.0,April-June,South Carolina,19500.0,1800.0,9.0,4100.0,5000.0,26.0
1211,2021.0,April-June,South Dakota,198000.0,6500.0,3.0,39000.0,19000.0,10.0
1212,2021.0,April-June,Tennessee,12000.0,720.0,6.0,4800.0,3400.0,28.0
1213,2021.0,April-June,Texas,425000.0,34000.0,8.0,65000.0,72000.0,17.0
1214,2021.0,April-June,Utah,31000.0,3500.0,11.0,8500.0,3900.0,13.0
1215,2021.0,April-June,Vermont,7000.0,40.0,1.0,770.0,570.0,8.0
1216,2021.0,April-June,Virginia,8500.0,530.0,6.0,3100.0,820.0,10.0
1217,2021.0,April-June,Washington,122000.0,2900.0,2.0,9500.0,2600.0,2.0
1218,2021.0,April-June,West Virginia,9000.0,170.0,2.0,1900.0,390.0,4.0
1219,2021.0,April-June,Wisconsin,57000.0,2200.0,4.0,9000.0,7500.0,13.0
1220,2021.0,April-June,Wyoming,30000.0,3400.0,11.0,7500.0,4900.0,16.0
1221,2021.0,April-June,Other States,8410.0,140.0,2.0,2890.0,3100.0,37.0
