id,Date,US Average,Boston,Chicago,Cleveland,Denver,Houston,Los Angeles,Miami,New York City,San Francisco,Seattle
1,5/26/2003,1.49,1.51,1.59,1.41,1.46,1.35,1.75,1.52,1.56,1.84,1.53
2,6/2/2003,1.47,1.5,1.56,1.36,1.43,1.35,1.72,1.51,1.54,1.8,1.52
3,6/9/2003,1.49,1.49,1.63,1.52,1.43,1.37,1.69,1.52,1.52,1.77,1.52
4,6/16/2003,1.52,1.5,1.64,1.52,1.49,1.38,1.77,1.51,1.5,1.87,1.58
5,6/23/2003,1.5,1.5,1.57,1.41,1.48,1.36,1.77,1.53,1.5,1.9,1.58
6,6/30/2003,1.49,1.49,1.53,1.47,1.47,1.35,1.77,1.51,1.49,1.91,1.56
7,7/7/2003,1.49,1.49,1.54,1.42,1.45,1.36,1.74,1.5,1.49,1.91,1.6
8,7/14/2003,1.52,1.51,1.58,1.46,1.45,1.4,1.71,1.55,1.52,1.87,1.59
9,7/21/2003,1.52,1.53,1.62,1.53,1.46,1.42,1.68,1.57,1.53,1.84,1.58
10,7/28/2003,1.52,1.52,1.55,1.49,1.54,1.41,1.66,1.57,1.53,1.8,1.57
11,8/4/2003,1.54,1.54,1.61,1.51,1.54,1.42,1.67,1.57,1.53,1.79,1.6
12,8/11/2003,1.57,1.56,1.63,1.56,1.57,1.45,1.72,1.59,1.56,1.83,1.63
13,8/18/2003,1.63,1.59,1.67,1.62,1.61,1.49,1.92,1.63,1.6,2.01,1.82
14,8/25/2003,1.75,1.75,1.84,1.76,1.64,1.57,2.14,1.71,1.78,2.16,1.93
15,9/1/2003,1.75,1.8,1.81,1.72,1.71,1.57,2.13,1.73,1.84,2.15,1.94
16,9/8/2003,1.72,1.78,1.81,1.68,1.7,1.55,2.11,1.71,1.83,2.14,1.91
17,9/15/2003,1.7,1.78,1.81,1.72,1.68,1.52,2.06,1.7,1.81,2.11,1.86
18,9/22/2003,1.64,1.76,1.72,1.64,1.62,1.48,2.0,1.69,1.77,2.05,1.81
19,9/29/2003,1.59,1.73,1.66,1.54,1.57,1.43,1.93,1.65,1.76,1.96,1.73
20,10/6/2003,1.57,1.7,1.65,1.56,1.52,1.41,1.87,1.63,1.74,1.92,1.69
21,10/13/2003,1.57,1.69,1.67,1.58,1.48,1.39,1.81,1.61,1.72,1.88,1.63
22,10/20/2003,1.57,1.68,1.67,1.59,1.48,1.38,1.77,1.61,1.71,1.83,1.59
23,10/27/2003,1.54,1.64,1.63,1.51,1.55,1.37,1.73,1.56,1.69,1.8,1.56
24,11/3/2003,1.54,1.61,1.67,1.56,1.53,1.36,1.71,1.56,1.68,1.76,1.55
25,11/10/2003,1.5,1.57,1.6,1.45,1.49,1.35,1.67,1.55,1.65,1.74,1.53
26,11/17/2003,1.5,1.54,1.57,1.47,1.47,1.36,1.68,1.55,1.64,1.71,1.56
27,11/24/2003,1.51,1.54,1.59,1.5,1.44,1.37,1.71,1.55,1.62,1.7,1.55
28,12/1/2003,1.49,1.53,1.55,1.41,1.41,1.36,1.7,1.53,1.61,1.68,1.54
29,12/8/2003,1.48,1.51,1.54,1.38,1.38,1.34,1.67,1.51,1.6,1.67,1.52
30,12/15/2003,1.47,1.51,1.54,1.37,1.37,1.34,1.65,1.52,1.59,1.64,1.48
31,12/22/2003,1.49,1.51,1.55,1.45,1.47,1.37,1.62,1.51,1.58,1.62,1.47
32,12/29/2003,1.48,1.51,1.52,1.44,1.45,1.37,1.6,1.51,1.58,1.62,1.47
33,1/5/2004,1.51,1.52,1.57,1.53,1.43,1.39,1.63,1.55,1.58,1.64,1.51
34,1/12/2004,1.56,1.56,1.62,1.55,1.48,1.44,1.69,1.63,1.6,1.68,1.59
35,1/19/2004,1.6,1.59,1.66,1.56,1.5,1.49,1.72,1.67,1.63,1.71,1.64
36,1/26/2004,1.62,1.64,1.71,1.64,1.55,1.52,1.75,1.68,1.66,1.76,1.66
37,2/2/2004,1.62,1.64,1.68,1.58,1.52,1.53,1.79,1.71,1.68,1.77,1.67
38,2/9/2004,1.64,1.64,1.72,1.64,1.51,1.53,1.87,1.71,1.67,1.84,1.67
39,2/16/2004,1.65,1.64,1.72,1.63,1.57,1.52,1.92,1.69,1.68,1.87,1.68
40,2/23/2004,1.69,1.67,1.74,1.71,1.56,1.54,2.09,1.72,1.7,2.06,1.74
41,3/1/2004,1.72,1.68,1.76,1.71,1.58,1.53,2.18,1.73,1.72,2.16,1.79
42,3/8/2004,1.74,1.7,1.77,1.73,1.69,1.57,2.18,1.78,1.74,2.15,1.82
43,3/15/2004,1.72,1.7,1.72,1.61,1.69,1.57,2.15,1.79,1.74,2.14,1.81
44,3/22/2004,1.74,1.72,1.76,1.68,1.7,1.6,2.14,1.81,1.75,2.13,1.81
45,3/29/2004,1.76,1.73,1.83,1.73,1.77,1.61,2.11,1.82,1.76,2.11,1.81
46,4/5/2004,1.78,1.73,1.84,1.74,1.78,1.64,2.18,1.83,1.76,2.14,1.85
47,4/12/2004,1.79,1.71,1.86,1.72,1.76,1.63,2.21,1.84,1.77,2.18,1.88
48,4/19/2004,1.81,1.74,1.89,1.78,1.85,1.67,2.2,1.86,1.78,2.15,1.96
49,4/26/2004,1.81,1.75,1.9,1.77,1.82,1.65,2.16,1.87,1.79,2.13,2.0
50,5/3/2004,1.84,1.78,1.95,1.8,1.81,1.69,2.15,1.87,1.83,2.13,2.06
51,5/10/2004,1.94,1.9,2.01,1.89,1.93,1.78,2.25,1.96,1.94,2.24,2.16
52,5/17/2004,2.02,2.02,2.15,2.02,1.96,1.85,2.3,2.03,2.04,2.3,2.25
53,5/24/2004,2.06,2.06,2.18,2.06,2.01,1.89,2.36,2.08,2.1,2.36,2.31
54,5/31/2004,2.05,2.1,2.14,1.96,2.0,1.88,2.36,2.1,2.13,2.35,2.3
55,6/7/2004,2.03,2.1,2.11,1.99,1.99,1.88,2.34,2.09,2.13,2.35,2.28
56,6/14/2004,1.99,2.08,2.03,1.84,1.96,1.85,2.32,2.08,2.13,2.33,2.23
57,6/21/2004,1.94,2.05,1.95,1.74,1.92,1.81,2.28,2.03,2.1,2.29,2.16
58,6/28/2004,1.92,2.01,1.94,1.78,1.89,1.78,2.26,2.01,2.08,2.27,2.11
59,7/5/2004,1.9,1.97,1.92,1.82,1.86,1.74,2.22,1.98,2.05,2.24,2.04
60,7/12/2004,1.92,1.95,1.95,1.86,1.87,1.75,2.21,1.98,2.04,2.22,1.99
61,7/19/2004,1.93,1.94,1.98,1.89,1.91,1.77,2.19,1.98,2.03,2.2,1.97
62,7/26/2004,1.91,1.91,1.94,1.83,1.9,1.76,2.17,1.97,2.02,2.17,1.95
63,8/2/2004,1.89,1.91,1.91,1.84,1.87,1.75,2.13,1.91,2.0,2.16,1.94
64,8/9/2004,1.88,1.9,1.93,1.86,1.86,1.74,2.09,1.88,1.99,2.11,1.92
65,8/16/2004,1.88,1.9,1.95,1.87,1.84,1.75,2.05,1.87,1.97,2.08,1.91
66,8/23/2004,1.88,1.91,1.96,1.86,1.84,1.76,2.05,1.88,1.97,2.06,1.96
67,8/30/2004,1.87,1.89,1.91,1.78,1.83,1.75,2.12,1.86,1.95,2.13,1.99
68,9/6/2004,1.85,1.88,1.87,1.8,1.81,1.73,2.08,1.93,1.92,2.11,1.99
69,9/13/2004,1.85,1.86,1.89,1.82,1.8,1.71,2.05,1.92,1.91,2.09,1.98
70,9/20/2004,1.87,1.86,1.92,1.88,1.83,1.71,2.06,1.92,1.9,2.09,1.99
71,9/27/2004,1.92,1.9,1.98,1.92,1.87,1.78,2.09,1.97,1.92,2.11,2.0
72,10/4/2004,1.94,1.93,1.97,1.87,1.91,1.8,2.21,1.99,1.95,2.22,2.02
73,10/11/2004,1.99,1.96,2.03,2.02,1.91,1.83,2.35,2.02,1.99,2.37,2.05
74,10/18/2004,2.04,2.02,2.08,2.01,1.94,1.89,2.44,2.08,2.05,2.43,2.07
75,10/25/2004,2.03,2.02,2.06,1.96,1.97,1.88,2.43,2.07,2.06,2.43,2.07
76,11/1/2004,2.03,2.02,2.09,1.97,1.95,1.89,2.4,2.08,2.06,2.4,2.06
77,11/8/2004,2.0,2.01,2.04,1.88,1.93,1.88,2.36,2.08,2.04,2.39,2.06
78,11/15/2004,1.97,1.99,1.98,1.82,1.9,1.84,2.33,2.07,2.02,2.36,2.04
79,11/22/2004,1.95,1.96,1.95,1.85,1.88,1.81,2.28,2.05,1.99,2.32,2.01
80,11/29/2004,1.95,1.96,1.98,1.92,1.87,1.8,2.24,2.04,1.98,2.3,2.0
81,12/6/2004,1.91,1.94,1.93,1.81,1.85,1.78,2.21,2.03,1.97,2.24,1.97
82,12/13/2004,1.85,1.89,1.83,1.71,1.81,1.75,2.18,2.02,1.94,2.16,1.93
83,12/20/2004,1.82,1.86,1.81,1.76,1.79,1.68,2.07,1.98,1.93,2.07,1.88
84,12/27/2004,1.79,1.84,1.77,1.71,1.77,1.67,2.03,1.95,1.91,2.02,1.84
85,1/3/2005,1.78,1.82,1.78,1.76,1.74,1.63,1.99,1.93,1.88,1.97,1.82
86,1/10/2005,1.79,1.79,1.84,1.82,1.7,1.64,1.96,1.91,1.86,1.92,1.79
87,1/17/2005,1.82,1.8,1.86,1.81,1.73,1.69,1.98,1.91,1.85,1.89,1.78
88,1/24/2005,1.85,1.83,1.89,1.9,1.76,1.77,2.0,1.93,1.87,1.92,1.81
89,1/31/2005,1.91,1.9,1.94,1.92,1.81,1.8,2.08,1.98,1.92,1.95,1.86
90,2/7/2005,1.91,1.91,1.94,1.94,1.81,1.79,2.1,1.99,1.92,1.96,1.86
91,2/14/2005,1.9,1.9,1.9,1.92,1.8,1.77,2.14,1.98,1.9,2.03,1.88
92,2/21/2005,1.91,1.89,1.91,1.91,1.88,1.75,2.2,1.98,1.88,2.11,1.97
93,2/28/2005,1.93,1.87,1.96,1.95,1.88,1.75,2.22,1.98,1.88,2.14,2.02
94,3/7/2005,2.0,1.95,2.08,2.07,1.98,1.84,2.28,2.04,1.93,2.18,2.06
95,3/14/2005,2.06,1.97,2.12,2.1,2.05,1.91,2.33,2.12,1.97,2.25,2.13
96,3/21/2005,2.11,2.01,2.19,2.16,2.08,1.97,2.35,2.18,2.02,2.31,2.17
97,3/28/2005,2.15,2.05,2.2,2.17,2.16,2.04,2.4,2.24,2.07,2.39,2.23
98,4/4/2005,2.22,2.12,2.28,2.21,2.18,2.08,2.48,2.3,2.13,2.5,2.31
99,4/11/2005,2.28,2.17,2.33,2.24,2.26,2.13,2.6,2.37,2.2,2.63,2.45
100,4/18/2005,2.24,2.15,2.27,2.07,2.23,2.11,2.59,2.34,2.18,2.66,2.48
101,4/25/2005,2.24,2.19,2.28,2.17,2.21,2.09,2.58,2.35,2.2,2.65,2.47
102,5/2/2005,2.24,2.2,2.26,2.14,2.2,2.08,2.57,2.33,2.23,2.63,2.47
103,5/9/2005,2.19,2.18,2.21,2.02,2.17,2.06,2.52,2.31,2.22,2.6,2.46
104,5/16/2005,2.16,2.17,2.2,2.05,2.14,2.03,2.48,2.29,2.2,2.56,2.43
105,5/23/2005,2.13,2.14,2.14,2.03,2.1,1.98,2.44,2.26,2.18,2.51,2.39
106,5/30/2005,2.1,2.1,2.11,2.01,2.07,1.96,2.41,2.25,2.16,2.43,2.33
107,6/6/2005,2.12,2.11,2.13,2.03,2.06,1.97,2.38,2.24,2.16,2.39,2.3
108,6/13/2005,2.13,2.14,2.15,2.1,2.07,2.01,2.34,2.23,2.16,2.36,2.26
109,6/20/2005,2.16,2.19,2.19,2.14,2.07,2.04,2.37,2.24,2.2,2.37,2.25
110,6/27/2005,2.22,2.22,2.3,2.21,2.12,2.07,2.42,2.29,2.24,2.45,2.3
111,7/4/2005,2.23,2.25,2.33,2.17,2.17,2.09,2.46,2.3,2.26,2.52,2.36
112,7/11/2005,2.33,2.39,2.42,2.34,2.26,2.19,2.52,2.35,2.38,2.58,2.41
113,7/18/2005,2.32,2.38,2.39,2.23,2.25,2.2,2.56,2.37,2.4,2.6,2.45
114,7/25/2005,2.29,2.37,2.37,2.16,2.24,2.19,2.55,2.36,2.42,2.58,2.44
115,8/1/2005,2.29,2.37,2.36,2.2,2.21,2.16,2.58,2.36,2.4,2.58,2.48
116,8/8/2005,2.37,2.39,2.46,2.34,2.28,2.26,2.62,2.42,2.42,2.64,2.54
117,8/15/2005,2.55,2.55,2.69,2.5,2.44,2.46,2.74,2.6,2.56,2.76,2.62
118,8/22/2005,2.61,2.61,2.79,2.59,2.6,2.57,2.77,2.71,2.62,2.79,2.68
119,8/29/2005,2.61,2.61,2.78,2.62,2.61,2.53,2.77,2.71,2.61,2.81,2.72
120,9/5/2005,3.07,3.21,3.07,3.06,3.03,2.98,3.0,3.0,3.28,3.04,2.88
121,9/12/2005,2.96,3.11,2.97,2.95,2.99,2.86,2.98,2.98,3.19,3.03,2.89
122,9/19/2005,2.79,2.93,2.81,2.67,2.89,2.73,2.93,2.89,3.0,2.99,2.86
123,9/26/2005,2.8,2.87,2.79,2.69,2.86,2.71,2.93,2.89,2.91,2.98,2.85
124,10/3/2005,2.93,2.88,2.91,2.91,2.9,2.87,2.97,3.0,2.88,3.0,2.85
125,10/10/2005,2.85,2.79,2.83,2.77,2.82,2.85,2.96,2.96,2.83,3.02,2.84
126,10/17/2005,2.73,2.67,2.74,2.57,2.76,2.79,2.9,2.91,2.76,2.95,2.79
127,10/24/2005,2.6,2.56,2.63,2.4,2.67,2.68,2.83,2.83,2.66,2.86,2.73
128,10/31/2005,2.48,2.44,2.54,2.27,2.55,2.5,2.77,2.83,2.55,2.74,2.63
129,11/7/2005,2.38,2.33,2.44,2.16,2.42,2.37,2.7,2.72,2.42,2.63,2.56
130,11/14/2005,2.3,2.21,2.34,2.18,2.34,2.27,2.64,2.6,2.34,2.55,2.49
131,11/21/2005,2.2,2.1,2.24,2.05,2.24,2.14,2.48,2.48,2.25,2.43,2.41
132,11/28/2005,2.15,2.05,2.18,2.03,2.17,2.05,2.44,2.45,2.2,2.37,2.36
133,12/5/2005,2.15,2.06,2.23,2.12,2.11,2.01,2.36,2.39,2.16,2.27,2.29
134,12/12/2005,2.19,2.12,2.24,2.17,2.11,2.1,2.31,2.39,2.21,2.21,2.21
135,12/19/2005,2.21,2.19,2.29,2.25,2.15,2.13,2.28,2.4,2.24,2.17,2.16
136,12/26/2005,2.2,2.18,2.3,2.18,2.1,2.11,2.26,2.37,2.25,2.16,2.13
137,1/2/2006,2.24,2.23,2.32,2.29,2.13,2.16,2.21,2.37,2.3,2.17,2.11
138,1/9/2006,2.33,2.33,2.4,2.36,2.26,2.26,2.32,2.43,2.4,2.29,2.18
139,1/16/2006,2.32,2.35,2.36,2.28,2.24,2.27,2.44,2.45,2.42,2.39,2.23
140,1/23/2006,2.34,2.37,2.35,2.3,2.22,2.27,2.44,2.46,2.45,2.4,2.26
141,1/30/2006,2.36,2.37,2.33,2.3,2.22,2.26,2.54,2.47,2.44,2.51,2.29
142,2/6/2006,2.34,2.34,2.33,2.28,2.21,2.25,2.57,2.47,2.41,2.54,2.3
143,2/13/2006,2.28,2.29,2.27,2.21,2.19,2.2,2.55,2.45,2.36,2.51,2.28
144,2/20/2006,2.24,2.22,2.24,2.11,2.15,2.15,2.51,2.41,2.28,2.44,2.23
145,2/27/2006,2.25,2.17,2.27,2.22,2.21,2.11,2.46,2.36,2.27,2.39,2.22
146,3/6/2006,2.33,2.21,2.46,2.38,2.28,2.14,2.51,2.41,2.3,2.44,2.28
147,3/13/2006,2.37,2.24,2.45,2.39,2.31,2.27,2.58,2.46,2.31,2.52,2.37
148,3/20/2006,2.5,2.39,2.55,2.5,2.47,2.45,2.66,2.64,2.46,2.61,2.48
149,3/27/2006,2.5,2.41,2.54,2.47,2.46,2.45,2.72,2.66,2.48,2.65,2.54
150,4/3/2006,2.59,2.51,2.67,2.55,2.5,2.57,2.78,2.72,2.57,2.76,2.58
151,4/10/2006,2.68,2.6,2.75,2.63,2.6,2.7,2.83,2.81,2.68,2.81,2.69
152,4/17/2006,2.78,2.7,2.85,2.78,2.7,2.79,2.92,2.9,2.79,2.9,2.76
153,4/24/2006,2.91,2.88,2.97,2.87,2.82,2.89,3.08,2.99,2.98,3.1,2.9
154,5/1/2006,2.92,2.9,2.94,2.85,2.82,2.89,3.26,2.98,2.99,3.23,3.0
155,5/8/2006,2.91,2.89,2.91,2.79,2.81,2.89,3.43,2.98,3.0,3.33,3.09
156,5/15/2006,2.95,3.0,2.99,2.9,2.81,2.9,3.4,2.98,3.07,3.33,3.14
157,5/22/2006,2.89,2.97,2.93,2.76,2.8,2.88,3.39,2.95,3.05,3.32,3.16
158,5/29/2006,2.87,2.93,2.93,2.71,2.78,2.84,3.34,2.91,3.03,3.29,3.18
159,6/5/2006,2.89,2.98,2.96,2.77,2.77,2.87,3.32,2.91,3.03,3.25,3.15
160,6/12/2006,2.91,2.99,2.98,2.8,2.81,2.88,3.27,2.92,3.05,3.22,3.12
161,6/19/2006,2.87,2.98,3.0,2.74,2.79,2.87,3.22,2.91,3.03,3.18,3.07
162,6/26/2006,2.87,2.96,3.06,2.79,2.78,2.83,3.19,2.9,3.02,3.12,3.03
163,7/3/2006,2.93,2.96,3.12,2.89,2.88,2.88,3.22,2.94,3.08,3.16,3.0
164,7/10/2006,2.97,3.01,3.2,2.91,2.91,2.9,3.28,2.97,3.12,3.21,3.03
165,7/17/2006,2.99,3.01,3.21,2.97,2.91,2.9,3.29,2.99,3.13,3.2,3.02
166,7/24/2006,3.0,3.03,3.2,2.97,2.94,2.9,3.27,3.03,3.13,3.17,3.01
167,7/31/2006,3.0,3.04,3.23,2.97,2.97,2.9,3.24,3.05,3.13,3.15,3.0
168,8/7/2006,3.04,3.04,3.24,3.01,3.01,2.91,3.23,3.07,3.12,3.13,3.02
169,8/14/2006,3.0,3.02,3.21,2.9,3.01,2.87,3.25,3.08,3.09,3.16,3.02
170,8/21/2006,2.92,2.96,3.15,2.76,2.99,2.81,3.2,3.05,3.01,3.12,2.99
171,8/28/2006,2.85,2.89,3.08,2.63,2.95,2.71,3.13,2.98,2.93,3.05,2.95
172,9/4/2006,2.73,2.76,2.94,2.49,2.89,2.58,3.03,2.92,2.82,2.99,2.89
173,9/11/2006,2.62,2.67,2.83,2.37,2.85,2.44,2.97,2.84,2.72,2.9,2.83
174,9/18/2006,2.5,2.53,2.69,2.22,2.76,2.29,2.86,2.72,2.61,2.82,2.75
175,9/25/2006,2.38,2.4,2.55,2.11,2.68,2.17,2.78,2.62,2.45,2.73,2.67
176,10/2/2006,2.31,2.29,2.43,2.08,2.58,2.1,2.69,2.53,2.35,2.67,2.6
177,10/9/2006,2.26,2.21,2.33,2.09,2.43,2.07,2.6,2.44,2.27,2.59,2.54
178,10/16/2006,2.23,2.17,2.26,2.08,2.29,2.03,2.53,2.37,2.22,2.51,2.49
179,10/23/2006,2.21,2.15,2.23,2.14,2.19,2.0,2.47,2.33,2.17,2.45,2.46
180,10/30/2006,2.22,2.15,2.27,2.19,2.15,2.02,2.42,2.31,2.18,2.41,2.39
181,11/6/2006,2.2,2.13,2.28,2.22,2.13,2.0,2.38,2.3,2.16,2.38,2.37
182,11/13/2006,2.23,2.15,2.31,2.23,2.11,2.03,2.46,2.3,2.19,2.47,2.43
183,11/20/2006,2.24,2.17,2.27,2.21,2.12,2.05,2.5,2.31,2.21,2.49,2.52
184,11/27/2006,2.25,2.2,2.3,2.25,2.12,2.06,2.5,2.32,2.24,2.49,2.53
185,12/4/2006,2.3,2.26,2.33,2.24,2.14,2.12,2.49,2.38,2.3,2.5,2.56
186,12/11/2006,2.29,2.26,2.32,2.21,2.15,2.15,2.5,2.39,2.32,2.49,2.59
187,12/18/2006,2.32,2.31,2.33,2.26,2.14,2.15,2.55,2.38,2.34,2.58,2.62
188,12/25/2006,2.34,2.34,2.37,2.3,2.15,2.18,2.59,2.4,2.4,2.66,2.65
189,1/1/2007,2.33,2.33,2.34,2.29,2.15,2.17,2.59,2.39,2.39,2.66,2.66
190,1/8/2007,2.31,2.32,2.31,2.25,2.15,2.15,2.62,2.37,2.36,2.7,2.67
191,1/15/2007,2.23,2.26,2.23,2.09,2.13,2.09,2.56,2.31,2.32,2.67,2.65
192,1/22/2007,2.17,2.19,2.13,1.98,2.08,2.03,2.51,2.26,2.26,2.64,2.6
193,1/29/2007,2.17,2.16,2.16,2.09,2.04,1.98,2.44,2.23,2.22,2.61,2.5
194,2/5/2007,2.19,2.13,2.26,2.23,2.07,1.99,2.5,2.22,2.19,2.66,2.45
195,2/12/2007,2.24,2.15,2.28,2.28,2.12,2.06,2.59,2.26,2.21,2.74,2.42
196,2/19/2007,2.3,2.2,2.36,2.34,2.21,2.1,2.67,2.33,2.26,2.81,2.46
197,2/26/2007,2.38,2.3,2.46,2.41,2.3,2.18,2.76,2.41,2.36,2.92,2.49
198,3/5/2007,2.51,2.44,2.53,2.48,2.44,2.35,2.86,2.56,2.51,3.0,2.58
199,3/12/2007,2.56,2.49,2.5,2.5,2.43,2.37,3.06,2.61,2.58,3.18,2.74
200,3/19/2007,2.58,2.51,2.52,2.46,2.51,2.37,3.11,2.61,2.61,3.23,2.8
201,3/26/2007,2.61,2.54,2.58,2.5,2.56,2.43,3.14,2.65,2.65,3.23,2.85
202,4/2/2007,2.71,2.63,2.69,2.63,2.6,2.56,3.22,2.72,2.76,3.32,2.95
203,4/9/2007,2.8,2.68,2.86,2.72,2.71,2.65,3.23,2.84,2.79,3.33,3.02
204,4/16/2007,2.88,2.74,2.97,2.8,2.77,2.73,3.28,2.94,2.85,3.38,3.09
205,4/23/2007,2.87,2.75,2.93,2.76,2.78,2.75,3.29,2.95,2.86,3.4,3.14
206,4/30/2007,2.97,2.86,3.09,2.93,2.91,2.82,3.35,3.01,2.95,3.46,3.29
207,5/7/2007,3.05,2.93,3.32,3.13,3.08,2.85,3.46,3.03,3.03,3.54,3.39
208,5/14/2007,3.1,2.96,3.37,3.14,3.22,2.85,3.44,3.08,3.05,3.53,3.42
209,5/21/2007,3.22,3.02,3.53,3.21,3.3,2.98,3.42,3.17,3.1,3.51,3.42
210,5/28/2007,3.21,3.04,3.62,3.34,3.3,3.0,3.38,3.2,3.14,3.51,3.36
211,6/4/2007,3.16,3.02,3.57,3.18,3.28,2.97,3.34,3.17,3.13,3.49,3.29
212,6/11/2007,3.08,3.0,3.46,2.97,3.23,2.91,3.31,3.14,3.1,3.42,3.2
213,6/18/2007,3.01,2.94,3.34,2.84,3.16,2.86,3.2,3.09,3.06,3.36,3.08
214,6/25/2007,2.98,2.92,3.24,2.91,3.11,2.81,3.15,3.05,3.03,3.31,3.03
215,7/2/2007,2.96,2.9,3.16,2.85,3.07,2.78,3.12,3.0,3.01,3.27,2.99
216,7/9/2007,2.98,2.9,3.15,2.94,3.05,2.76,3.09,3.0,3.0,3.24,2.97
217,7/16/2007,3.05,2.91,3.38,3.08,3.11,2.84,3.12,3.05,3.01,3.27,2.96
218,7/23/2007,2.96,2.87,3.26,2.83,3.04,2.81,3.08,3.04,2.99,3.23,2.92
219,7/30/2007,2.88,2.86,3.14,2.63,2.98,2.74,3.01,3.0,2.93,3.18,2.88
220,8/6/2007,2.84,2.81,3.06,2.65,2.92,2.7,2.97,2.93,2.88,3.14,2.86
221,8/13/2007,2.77,2.75,2.99,2.63,2.86,2.6,2.89,2.86,2.81,3.05,2.78
222,8/20/2007,2.79,2.7,3.08,2.77,2.82,2.6,2.82,2.84,2.78,2.96,2.76
223,8/27/2007,2.75,2.65,3.03,2.8,2.79,2.57,2.74,2.82,2.72,2.89,2.75
224,9/3/2007,2.8,2.64,3.2,2.98,2.84,2.54,2.75,2.82,2.71,2.88,2.79
225,9/10/2007,2.82,2.63,3.21,2.97,2.89,2.59,2.82,2.86,2.7,2.92,2.84
226,9/17/2007,2.79,2.63,3.12,2.79,2.85,2.56,2.9,2.87,2.7,2.96,2.86
227,9/24/2007,2.81,2.64,3.05,2.84,2.82,2.59,2.95,2.9,2.71,3.01,2.92
228,10/1/2007,2.79,2.65,2.97,2.67,2.79,2.6,2.96,2.91,2.72,3.02,2.93
229,10/8/2007,2.77,2.64,2.9,2.74,2.75,2.56,2.99,2.88,2.69,3.04,2.9
230,10/15/2007,2.76,2.63,2.84,2.74,2.73,2.55,3.02,2.9,2.69,3.11,2.92
231,10/22/2007,2.82,2.68,2.86,2.81,2.79,2.59,3.13,2.9,2.74,3.2,3.02
232,10/29/2007,2.87,2.75,2.91,2.91,2.78,2.62,3.12,2.93,2.8,3.24,3.09
233,11/5/2007,3.01,2.88,3.13,3.09,2.92,2.78,3.18,3.09,2.93,3.33,3.17
234,11/12/2007,3.11,2.98,3.18,3.18,3.03,2.86,3.32,3.19,3.04,3.47,3.22
235,11/19/2007,3.1,2.99,3.14,3.1,3.02,2.88,3.36,3.2,3.08,3.51,3.22
236,11/26/2007,3.1,3.02,3.12,3.02,3.01,2.9,3.37,3.2,3.09,3.5,3.21
237,12/3/2007,3.06,3.02,3.09,2.94,2.96,2.87,3.32,3.19,3.09,3.47,3.19
238,12/10/2007,3.0,3.01,3.03,2.81,2.87,2.82,3.29,3.17,3.08,3.44,3.14
239,12/17/2007,3.0,3.0,3.05,3.0,2.83,2.79,3.23,3.15,3.06,3.39,3.1
240,12/24/2007,2.98,3.0,3.03,2.97,2.79,2.78,3.2,3.14,3.05,3.36,3.09
241,12/31/2007,3.05,3.01,3.14,3.08,2.78,2.85,3.27,3.17,3.08,3.39,3.14
242,1/7/2008,3.11,3.04,3.23,3.19,2.84,2.92,3.32,3.2,3.12,3.43,3.19
243,1/14/2008,3.07,3.04,3.16,3.06,2.84,2.91,3.27,3.21,3.12,3.4,3.16
244,1/21/2008,3.02,3.02,3.09,2.95,2.83,2.87,3.2,3.18,3.08,3.33,3.08
245,1/28/2008,2.98,2.99,3.06,2.94,2.82,2.85,3.11,3.13,3.05,3.25,3.02
246,2/4/2008,2.98,2.96,3.07,3.01,2.87,2.84,3.06,3.1,3.02,3.22,3.0
247,2/11/2008,2.96,2.93,3.05,2.94,2.86,2.81,3.08,3.08,2.99,3.19,3.01
248,2/18/2008,3.04,2.94,3.17,3.08,2.9,2.87,3.16,3.16,3.03,3.3,3.13
249,2/25/2008,3.13,3.04,3.17,3.02,3.01,3.02,3.27,3.29,3.11,3.44,3.29
250,3/3/2008,3.16,3.05,3.16,3.05,3.03,3.04,3.43,3.3,3.13,3.53,3.41
251,3/10/2008,3.23,3.08,3.27,3.23,3.04,3.1,3.52,3.34,3.15,3.61,3.48
252,3/17/2008,3.28,3.11,3.38,3.37,3.11,3.16,3.59,3.39,3.21,3.66,3.51
253,3/24/2008,3.26,3.1,3.37,3.24,3.14,3.15,3.6,3.37,3.22,3.66,3.49
254,3/31/2008,3.29,3.11,3.44,3.19,3.18,3.19,3.6,3.39,3.22,3.65,3.44
255,4/7/2008,3.33,3.13,3.49,3.2,3.23,3.25,3.68,3.42,3.22,3.72,3.45
256,4/14/2008,3.39,3.18,3.57,3.29,3.27,3.28,3.77,3.48,3.29,3.82,3.52
257,4/21/2008,3.51,3.4,3.69,3.36,3.41,3.39,3.84,3.62,3.47,3.86,3.61
258,4/28/2008,3.6,3.52,3.75,3.51,3.48,3.47,3.88,3.73,3.62,3.92,3.69
259,5/5/2008,3.61,3.54,3.79,3.57,3.47,3.47,3.89,3.72,3.66,3.93,3.71
260,5/12/2008,3.72,3.67,3.94,3.77,3.61,3.57,3.9,3.85,3.75,3.95,3.79
261,5/19/2008,3.79,3.76,4.02,3.88,3.68,3.65,3.92,3.92,3.86,3.98,3.86
262,5/26/2008,3.94,3.89,4.17,3.97,3.86,3.79,4.06,4.03,3.98,4.1,4.01
263,6/2/2008,3.98,3.94,4.18,3.96,3.89,3.8,4.21,4.04,4.05,4.24,4.14
264,6/9/2008,4.04,3.99,4.17,3.98,3.91,3.88,4.42,4.15,4.11,4.42,4.24
265,6/16/2008,4.08,4.04,4.18,3.98,3.95,3.9,4.61,4.16,4.15,4.56,4.34
266,6/23/2008,4.08,4.03,4.22,3.98,3.94,3.88,4.61,4.16,4.16,4.56,4.36
267,6/30/2008,4.1,4.04,4.2,4.03,3.94,3.88,4.59,4.17,4.17,4.56,4.36
268,7/7/2008,4.11,4.06,4.3,4.01,3.97,3.9,4.57,4.17,4.18,4.55,4.35
269,7/14/2008,4.11,4.06,4.3,4.03,4.01,3.91,4.54,4.18,4.17,4.51,4.33
270,7/21/2008,4.06,4.05,4.23,3.92,4.0,3.92,4.48,4.13,4.14,4.46,4.28
271,7/28/2008,3.96,3.93,4.08,3.78,3.96,3.83,4.34,4.05,4.06,4.36,4.2
272,8/4/2008,3.88,3.86,4.02,3.72,3.89,3.73,4.22,3.98,3.99,4.26,4.11
273,8/11/2008,3.81,3.78,4.0,3.68,3.86,3.63,4.11,3.92,3.89,4.18,4.01
274,8/18/2008,3.74,3.66,4.03,3.65,3.8,3.53,4.03,3.85,3.76,4.11,3.94
275,8/25/2008,3.69,3.59,4.02,3.64,3.76,3.43,3.95,3.78,3.68,4.03,3.87
276,9/1/2008,3.68,3.56,3.95,3.58,3.73,3.44,3.88,3.8,3.64,3.97,3.84
277,9/8/2008,3.65,3.52,3.91,3.54,3.69,3.43,3.83,3.81,3.59,3.92,3.79
278,9/15/2008,3.84,3.58,4.3,3.98,3.69,3.69,3.76,3.93,3.64,3.89,3.77
279,9/22/2008,3.72,3.54,4.05,3.83,3.62,3.6,3.69,3.87,3.63,3.84,3.7
280,9/29/2008,3.63,3.47,3.91,3.61,3.56,3.52,3.63,3.81,3.53,3.77,3.65
281,10/6/2008,3.48,3.32,3.75,3.28,3.46,3.35,3.56,3.68,3.4,3.72,3.54
282,10/13/2008,3.15,3.06,3.46,2.9,3.22,3.03,3.44,3.38,3.16,3.6,3.36
283,10/20/2008,2.91,2.84,3.2,2.7,2.93,2.76,3.34,3.08,2.94,3.49,3.09
284,10/27/2008,2.66,2.6,2.91,2.48,2.63,2.41,3.2,2.83,2.73,3.27,2.78
285,11/3/2008,2.4,2.39,2.63,2.12,2.38,2.11,2.85,2.65,2.54,2.89,2.54
286,11/10/2008,2.22,2.22,2.41,1.95,2.14,1.98,2.63,2.47,2.37,2.52,2.38
287,11/17/2008,2.07,2.04,2.2,1.84,1.97,1.84,2.42,2.29,2.2,2.36,2.24
288,11/24/2008,1.89,1.89,1.93,1.7,1.79,1.7,2.19,2.08,2.04,2.16,2.07
289,12/1/2008,1.81,1.8,1.78,1.69,1.69,1.64,1.98,2.02,1.94,1.97,1.96
290,12/8/2008,1.7,1.71,1.65,1.6,1.61,1.57,1.82,1.87,1.84,1.84,1.85
291,12/15/2008,1.66,1.65,1.73,1.69,1.56,1.46,1.72,1.82,1.76,1.76,1.77
292,12/22/2008,1.65,1.63,1.73,1.64,1.54,1.48,1.77,1.8,1.71,1.82,1.81
293,12/29/2008,1.61,1.6,1.69,1.61,1.51,1.44,1.79,1.76,1.65,1.85,1.81
294,1/5/2009,1.68,1.62,1.87,1.84,1.47,1.47,1.84,1.79,1.64,1.91,1.87
295,1/12/2009,1.78,1.69,1.97,1.92,1.53,1.59,1.96,1.88,1.73,2.01,1.99
296,1/19/2009,1.85,1.74,2.01,1.91,1.61,1.67,2.04,1.97,1.78,2.06,2.06
297,1/26/2009,1.84,1.76,1.95,1.84,1.67,1.68,2.07,1.98,1.79,2.07,2.05
298,2/2/2009,1.89,1.82,1.92,1.82,1.76,1.75,2.09,2.03,1.86,2.1,2.06
299,2/9/2009,1.93,1.85,1.92,1.79,1.83,1.78,2.19,2.08,1.91,2.2,2.15
300,2/16/2009,1.96,1.88,2.0,1.95,1.85,1.77,2.27,2.11,1.95,2.28,2.21
301,2/23/2009,1.91,1.85,1.92,1.82,1.82,1.73,2.25,2.05,1.93,2.25,2.18
302,3/2/2009,1.93,1.87,1.96,1.87,1.8,1.76,2.15,2.08,1.91,2.18,2.15
303,3/9/2009,1.94,1.86,2.03,1.96,1.82,1.75,2.2,2.07,1.91,2.18,2.16
304,3/16/2009,1.91,1.86,1.94,1.84,1.82,1.75,2.17,2.05,1.91,2.14,2.13
305,3/23/2009,1.96,1.88,2.06,1.97,1.88,1.85,2.15,2.09,1.93,2.13,2.14
306,3/30/2009,2.05,1.95,2.14,2.05,1.98,1.95,2.26,2.15,1.99,2.22,2.22
307,4/6/2009,2.04,1.95,2.1,2.0,1.98,1.94,2.32,2.16,2.0,2.3,2.27
308,4/13/2009,2.05,1.96,2.14,2.0,2.0,1.93,2.35,2.17,2.0,2.31,2.29
309,4/20/2009,2.06,2.0,2.14,1.97,2.02,1.94,2.34,2.16,2.03,2.32,2.3
310,4/27/2009,2.05,2.0,2.19,1.99,2.02,1.93,2.34,2.16,2.05,2.34,2.31
311,5/4/2009,2.08,2.03,2.26,2.06,2.04,1.93,2.34,2.16,2.08,2.35,2.32
312,5/11/2009,2.24,2.2,2.52,2.29,2.18,2.11,2.43,2.3,2.23,2.41,2.43
313,5/18/2009,2.31,2.25,2.57,2.31,2.24,2.18,2.52,2.4,2.31,2.52,2.5
314,5/25/2009,2.44,2.36,2.64,2.51,2.37,2.27,2.64,2.5,2.42,2.65,2.58
315,6/1/2009,2.52,2.46,2.75,2.63,2.43,2.32,2.74,2.6,2.49,2.77,2.65
316,6/8/2009,2.62,2.52,2.92,2.81,2.49,2.4,2.89,2.65,2.58,2.9,2.74
317,6/15/2009,2.67,2.6,2.87,2.74,2.52,2.47,2.98,2.75,2.66,3.0,2.82
318,6/22/2009,2.69,2.64,2.88,2.67,2.53,2.48,3.02,2.79,2.71,3.02,2.86
319,6/29/2009,2.64,2.62,2.82,2.6,2.5,2.43,3.01,2.76,2.7,2.98,2.82
320,7/6/2009,2.61,2.62,2.77,2.59,2.49,2.38,2.96,2.73,2.68,2.97,2.81
321,7/13/2009,2.53,2.52,2.66,2.45,2.46,2.32,2.91,2.64,2.62,2.9,2.75
322,7/20/2009,2.46,2.46,2.59,2.35,2.43,2.26,2.85,2.58,2.56,2.87,2.68
323,7/27/2009,2.5,2.47,2.62,2.47,2.42,2.31,2.84,2.61,2.55,2.86,2.67
324,8/3/2009,2.56,2.52,2.67,2.51,2.43,2.38,2.93,2.64,2.6,2.94,2.71
325,8/10/2009,2.65,2.6,2.74,2.62,2.51,2.47,3.05,2.71,2.67,3.06,2.83
326,8/17/2009,2.64,2.61,2.69,2.55,2.52,2.48,3.04,2.7,2.69,3.07,2.84
327,8/24/2009,2.63,2.61,2.71,2.55,2.51,2.46,3.03,2.69,2.68,3.05,2.84
328,8/31/2009,2.61,2.62,2.68,2.53,2.5,2.42,3.03,2.69,2.69,3.07,2.88
329,9/7/2009,2.59,2.6,2.63,2.49,2.48,2.34,3.11,2.64,2.68,3.13,2.93
330,9/14/2009,2.58,2.59,2.63,2.47,2.45,2.32,3.15,2.61,2.66,3.2,2.93
331,9/21/2009,2.55,2.55,2.6,2.48,2.41,2.27,3.14,2.57,2.62,3.18,2.93
332,9/28/2009,2.5,2.5,2.52,2.4,2.38,2.23,3.11,2.52,2.56,3.13,2.88
333,10/5/2009,2.47,2.47,2.5,2.37,2.33,2.21,3.08,2.48,2.5,3.12,2.83
334,10/12/2009,2.49,2.43,2.56,2.47,2.33,2.24,3.03,2.52,2.48,3.06,2.76
335,10/19/2009,2.57,2.48,2.66,2.56,2.41,2.36,3.01,2.67,2.56,3.05,2.73
336,10/26/2009,2.67,2.6,2.82,2.64,2.55,2.49,3.02,2.78,2.65,3.05,2.77
337,11/2/2009,2.69,2.64,2.83,2.66,2.57,2.51,3.03,2.8,2.7,3.04,2.81
338,11/9/2009,2.67,2.64,2.79,2.59,2.55,2.48,3.02,2.78,2.7,3.02,2.82
339,11/16/2009,2.63,2.62,2.73,2.51,2.53,2.45,3.01,2.76,2.68,2.98,2.82
340,11/23/2009,2.64,2.61,2.72,2.61,2.51,2.43,3.0,2.76,2.68,2.94,2.82
341,11/30/2009,2.63,2.6,2.71,2.59,2.49,2.43,2.98,2.76,2.68,2.93,2.81
342,12/7/2009,2.63,2.61,2.69,2.57,2.48,2.45,2.97,2.75,2.68,2.92,2.81
343,12/14/2009,2.6,2.59,2.67,2.53,2.46,2.38,2.95,2.72,2.66,2.91,2.79
344,12/21/2009,2.59,2.57,2.69,2.59,2.43,2.37,2.94,2.7,2.64,2.92,2.77
345,12/28/2009,2.61,2.59,2.73,2.65,2.42,2.42,2.97,2.72,2.65,2.92,2.76
346,1/4/2010,2.67,2.63,2.79,2.68,2.45,2.46,3.04,2.74,2.69,2.99,2.8
347,1/11/2010,2.75,2.7,2.88,2.78,2.52,2.58,3.1,2.85,2.76,3.05,2.87
348,1/18/2010,2.74,2.72,2.85,2.7,2.54,2.56,3.07,2.85,2.77,3.04,2.88
349,1/25/2010,2.71,2.7,2.8,2.64,2.53,2.53,3.05,2.83,2.75,3.03,2.85
350,2/1/2010,2.66,2.67,2.74,2.56,2.52,2.48,3.03,2.81,2.73,2.99,2.82
351,2/8/2010,2.65,2.66,2.71,2.56,2.51,2.47,3.02,2.78,2.72,2.95,2.8
352,2/15/2010,2.61,2.63,2.66,2.47,2.49,2.41,2.97,2.76,2.69,2.92,2.78
353,2/22/2010,2.66,2.64,2.79,2.6,2.52,2.46,2.97,2.81,2.7,2.92,2.82
354,3/1/2010,2.7,2.64,2.79,2.61,2.56,2.51,3.04,2.84,2.71,3.01,2.88
355,3/8/2010,2.75,2.68,2.82,2.68,2.6,2.56,3.07,2.9,2.74,3.07,2.94
356,3/15/2010,2.79,2.7,2.88,2.72,2.64,2.64,3.09,2.92,2.77,3.08,2.98
357,3/22/2010,2.82,2.7,3.02,2.8,2.65,2.64,3.13,2.92,2.76,3.09,3.0
358,3/29/2010,2.8,2.7,2.98,2.74,2.67,2.64,3.11,2.9,2.76,3.1,3.01
359,4/5/2010,2.83,2.72,3.04,2.78,2.69,2.68,3.11,2.92,2.78,3.09,3.0
360,4/12/2010,2.86,2.76,3.05,2.81,2.7,2.71,3.12,2.94,2.81,3.11,3.06
361,4/19/2010,2.86,2.77,3.09,2.83,2.71,2.7,3.12,2.93,2.83,3.1,3.07
362,4/26/2010,2.85,2.82,3.07,2.77,2.71,2.66,3.12,2.95,2.86,3.1,3.08
363,5/3/2010,2.9,2.87,3.13,2.88,2.72,2.72,3.14,2.97,2.93,3.14,3.07
364,5/10/2010,2.91,2.86,3.12,2.82,2.73,2.74,3.17,2.95,2.95,3.15,3.08
365,5/17/2010,2.86,2.85,3.07,2.75,2.72,2.7,3.13,2.93,2.93,3.13,3.05
366,5/24/2010,2.79,2.8,2.98,2.65,2.69,2.65,3.07,2.86,2.87,3.07,3.0
367,5/31/2010,2.73,2.74,2.92,2.6,2.66,2.6,3.04,2.8,2.83,3.05,2.95
368,6/7/2010,2.73,2.71,2.9,2.61,2.63,2.54,3.1,2.78,2.79,3.11,2.95
369,6/14/2010,2.7,2.69,2.86,2.66,2.62,2.5,3.07,2.78,2.76,3.1,2.95
370,6/21/2010,2.74,2.69,2.92,2.72,2.64,2.53,3.13,2.82,2.77,3.15,2.96
371,6/28/2010,2.76,2.69,2.92,2.77,2.66,2.54,3.14,2.82,2.79,3.17,2.96
372,7/5/2010,2.73,2.68,2.86,2.67,2.65,2.52,3.13,2.79,2.77,3.16,2.97
373,7/12/2010,2.72,2.68,2.85,2.73,2.63,2.49,3.12,2.75,2.76,3.15,2.97
374,7/19/2010,2.72,2.67,2.87,2.72,2.62,2.47,3.15,2.74,2.75,3.17,2.99
375,7/26/2010,2.75,2.67,2.93,2.76,2.62,2.53,3.15,2.78,2.76,3.17,3.03
376,8/2/2010,2.74,2.67,2.88,2.68,2.62,2.51,3.14,2.77,2.76,3.17,3.05
377,8/9/2010,2.78,2.69,2.93,2.74,2.67,2.58,3.17,2.8,2.75,3.21,3.09
378,8/16/2010,2.75,2.67,2.88,2.64,2.67,2.54,3.17,2.79,2.73,3.2,3.1
379,8/23/2010,2.7,2.65,2.83,2.57,2.66,2.49,3.14,2.75,2.7,3.16,3.08
380,8/30/2010,2.68,2.62,2.79,2.63,2.71,2.46,3.08,2.73,2.66,3.12,3.04
381,9/6/2010,2.68,2.6,2.86,2.71,2.71,2.44,3.03,2.74,2.65,3.08,3.0
382,9/13/2010,2.72,2.59,3.02,2.84,2.73,2.49,3.02,2.76,2.65,3.05,2.99
383,9/20/2010,2.72,2.59,2.98,2.74,2.72,2.51,2.99,2.78,2.65,3.04,2.97
384,9/27/2010,2.69,2.59,2.91,2.64,2.7,2.5,2.98,2.77,2.65,3.03,2.97
385,10/4/2010,2.73,2.65,2.92,2.72,2.7,2.53,3.02,2.81,2.7,3.04,2.97
386,10/11/2010,2.82,2.75,2.97,2.87,2.71,2.64,3.1,2.87,2.81,3.13,3.0
387,10/18/2010,2.83,2.8,2.99,2.8,2.7,2.63,3.15,2.88,2.86,3.17,3.05
388,10/25/2010,2.82,2.83,2.94,2.78,2.69,2.62,3.15,2.88,2.87,3.16,3.06
389,11/1/2010,2.81,2.83,2.9,2.8,2.67,2.59,3.14,2.87,2.87,3.17,3.06
390,11/8/2010,2.87,2.84,3.07,2.97,2.68,2.64,3.14,2.89,2.89,3.16,3.06
391,11/15/2010,2.89,2.91,3.08,2.92,2.7,2.68,3.18,2.95,2.97,3.21,3.1
392,11/22/2010,2.88,2.95,3.01,2.86,2.68,2.66,3.18,2.94,3.01,3.2,3.1
393,11/29/2010,2.86,2.94,2.98,2.84,2.65,2.63,3.17,2.94,3.02,3.19,3.1
394,12/6/2010,2.96,3.01,3.07,2.99,2.67,2.75,3.24,3.05,3.08,3.24,3.14
395,12/13/2010,2.98,3.01,3.05,2.94,2.72,2.79,3.26,3.07,3.11,3.3,3.16
396,12/20/2010,2.98,3.03,3.11,2.96,2.72,2.8,3.26,3.09,3.12,3.29,3.17
397,12/27/2010,3.05,3.06,3.25,3.1,2.77,2.89,3.3,3.16,3.15,3.33,3.19
398,1/3/2011,3.07,3.08,3.26,3.13,2.81,2.88,3.33,3.18,3.16,3.32,3.2
399,1/10/2011,3.09,3.11,3.27,3.11,2.85,2.91,3.35,3.2,3.18,3.35,3.21
400,1/17/2011,3.1,3.11,3.24,3.13,2.91,2.92,3.37,3.21,3.19,3.38,3.25
401,1/24/2011,3.11,3.12,3.23,3.11,2.94,2.93,3.38,3.2,3.21,3.39,3.26
402,1/31/2011,3.1,3.12,3.25,3.11,2.95,2.91,3.39,3.19,3.21,3.38,3.26
403,2/7/2011,3.13,3.13,3.31,3.15,2.98,2.94,3.41,3.2,3.22,3.42,3.28
404,2/14/2011,3.14,3.13,3.28,3.08,2.98,2.95,3.45,3.2,3.23,3.47,3.31
405,2/21/2011,3.19,3.15,3.33,3.15,3.03,2.99,3.57,3.24,3.25,3.57,3.4
406,2/28/2011,3.38,3.3,3.56,3.37,3.18,3.22,3.74,3.48,3.4,3.75,3.52
407,3/7/2011,3.52,3.46,3.68,3.48,3.3,3.38,3.89,3.65,3.55,3.92,3.64
408,3/14/2011,3.57,3.49,3.67,3.56,3.33,3.42,3.98,3.65,3.59,3.97,3.7
409,3/21/2011,3.56,3.48,3.71,3.55,3.35,3.42,3.99,3.64,3.59,3.98,3.71
410,3/28/2011,3.6,3.49,3.76,3.55,3.39,3.47,4.06,3.7,3.61,4.04,3.78
411,4/4/2011,3.68,3.56,3.93,3.75,3.46,3.58,4.09,3.79,3.68,4.08,3.8
412,4/11/2011,3.79,3.66,4.1,3.85,3.53,3.7,4.19,3.86,3.77,4.18,3.87
413,4/18/2011,3.84,3.77,4.19,3.88,3.56,3.74,4.23,3.91,3.87,4.22,3.93
414,4/25/2011,3.88,3.85,4.25,3.9,3.59,3.77,4.25,3.91,3.95,4.25,3.96
415,5/2/2011,3.96,3.94,4.35,4.13,3.67,3.85,4.29,3.99,4.05,4.29,4.02
416,5/9/2011,3.97,3.96,4.4,4.01,3.7,3.85,4.29,3.98,4.07,4.29,4.06
417,5/16/2011,3.96,3.97,4.34,3.99,3.77,3.86,4.26,4.0,4.06,4.24,4.06
418,5/23/2011,3.85,3.92,4.19,3.75,3.74,3.72,4.16,3.91,4.0,4.14,4.01
419,5/30/2011,3.79,3.85,4.14,3.82,3.71,3.62,4.09,3.87,3.93,4.06,3.96
420,6/6/2011,3.78,3.8,4.25,3.9,3.68,3.57,4.02,3.84,3.87,4.01,3.94
421,6/13/2011,3.71,3.75,4.11,3.63,3.66,3.53,3.97,3.8,3.83,3.95,3.9
422,6/20/2011,3.65,3.72,3.99,3.5,3.61,3.5,3.93,3.77,3.79,3.93,3.87
423,6/27/2011,3.57,3.7,3.87,3.34,3.55,3.43,3.88,3.73,3.76,3.86,3.84
424,7/4/2011,3.58,3.66,3.94,3.59,3.49,3.37,3.85,3.69,3.72,3.82,3.81
425,7/11/2011,3.64,3.7,3.94,3.62,3.48,3.48,3.83,3.77,3.76,3.8,3.8
426,7/18/2011,3.68,3.76,3.98,3.59,3.48,3.57,3.84,3.8,3.81,3.83,3.8
427,7/25/2011,3.7,3.77,3.95,3.64,3.48,3.6,3.86,3.84,3.84,3.84,3.81
428,8/1/2011,3.71,3.77,3.97,3.66,3.49,3.58,3.85,3.84,3.86,3.84,3.82
429,8/8/2011,3.67,3.76,3.92,3.57,3.47,3.54,3.82,3.79,3.83,3.83,3.81
430,8/15/2011,3.6,3.71,3.85,3.58,3.42,3.46,3.74,3.75,3.76,3.77,3.78
431,8/22/2011,3.58,3.68,3.81,3.54,3.41,3.43,3.77,3.73,3.71,3.75,3.77
432,8/29/2011,3.63,3.65,3.92,3.66,3.44,3.41,3.84,3.75,3.71,3.87,3.8
433,9/5/2011,3.67,3.67,3.98,3.69,3.51,3.43,3.97,3.76,3.74,3.97,3.88
434,9/12/2011,3.66,3.67,3.92,3.65,3.53,3.4,3.98,3.74,3.74,3.96,3.89
435,9/19/2011,3.6,3.61,3.83,3.46,3.51,3.37,3.96,3.68,3.69,3.94,3.89
436,9/26/2011,3.51,3.54,3.71,3.31,3.47,3.26,3.92,3.6,3.63,3.89,3.87
437,10/3/2011,3.43,3.48,3.57,3.2,3.43,3.19,3.86,3.51,3.55,3.85,3.83
438,10/10/2011,3.42,3.42,3.52,3.25,3.43,3.17,3.85,3.49,3.51,3.84,3.78
439,10/17/2011,3.48,3.46,3.51,3.38,3.48,3.24,3.92,3.59,3.54,3.86,3.82
440,10/24/2011,3.46,3.44,3.47,3.27,3.48,3.24,3.9,3.56,3.53,3.87,3.83
441,10/31/2011,3.45,3.42,3.55,3.38,3.46,3.22,3.89,3.55,3.51,3.86,3.82
442,11/7/2011,3.42,3.4,3.5,3.32,3.44,3.19,3.92,3.52,3.49,3.85,3.79
443,11/14/2011,3.44,3.4,3.6,3.35,3.41,3.19,3.9,3.52,3.49,3.82,3.78
444,11/21/2011,3.37,3.37,3.51,3.21,3.35,3.11,3.82,3.48,3.45,3.76,3.74
445,11/28/2011,3.31,3.34,3.45,3.18,3.3,3.09,3.76,3.45,3.41,3.7,3.67
446,12/5/2011,3.29,3.31,3.4,3.22,3.25,3.07,3.7,3.42,3.37,3.64,3.62
447,12/12/2011,3.29,3.27,3.39,3.28,3.19,3.06,3.64,3.41,3.36,3.59,3.58
448,12/19/2011,3.23,3.24,3.3,3.16,3.11,3.03,3.6,3.36,3.34,3.54,3.49
449,12/26/2011,3.26,3.24,3.39,3.32,3.05,3.06,3.64,3.38,3.33,3.56,3.48
450,1/2/2012,3.3,3.29,3.49,3.38,3.03,3.06,3.71,3.41,3.37,3.62,3.49
451,1/9/2012,3.38,3.38,3.61,3.41,3.01,3.18,3.78,3.49,3.46,3.69,3.51
452,1/16/2012,3.39,3.39,3.66,3.45,3.0,3.21,3.77,3.53,3.48,3.68,3.52
453,1/23/2012,3.39,3.41,3.53,3.34,2.98,3.24,3.79,3.57,3.52,3.7,3.52
454,1/30/2012,3.44,3.48,3.49,3.41,2.97,3.35,3.83,3.66,3.59,3.73,3.54
455,2/6/2012,3.48,3.5,3.57,3.47,3.04,3.39,3.85,3.66,3.62,3.74,3.56
456,2/13/2012,3.52,3.55,3.52,3.37,3.05,3.44,3.92,3.74,3.66,3.81,3.6
457,2/20/2012,3.59,3.6,3.52,3.49,3.08,3.48,4.12,3.75,3.7,4.05,3.73
458,2/27/2012,3.72,3.68,3.79,3.69,3.13,3.55,4.35,3.87,3.77,4.31,3.98
459,3/5/2012,3.79,3.72,4.01,3.76,3.23,3.58,4.41,3.89,3.81,4.35,4.05
460,3/12/2012,3.83,3.72,4.13,3.89,3.44,3.71,4.44,3.91,3.82,4.36,4.05
461,3/19/2012,3.87,3.73,4.28,3.83,3.61,3.78,4.45,3.95,3.83,4.34,4.07
462,3/26/2012,3.92,3.75,4.47,3.91,3.7,3.83,4.43,4.0,3.87,4.34,4.14
463,4/2/2012,3.94,3.79,4.42,3.85,3.81,3.87,4.39,4.04,3.91,4.32,4.17
464,4/9/2012,3.94,3.87,4.29,3.78,3.85,3.85,4.35,4.04,3.97,4.26,4.17
465,4/16/2012,3.92,3.9,4.19,3.78,3.89,3.85,4.29,4.04,3.96,4.22,4.16
466,4/23/2012,3.87,3.87,4.21,3.69,3.89,3.82,4.25,3.97,3.95,4.19,4.14
467,4/30/2012,3.83,3.85,4.15,3.74,3.86,3.77,4.24,3.91,3.9,4.17,4.09
468,5/7/2012,3.79,3.8,4.18,3.74,3.82,3.69,4.26,3.82,3.85,4.22,4.1
469,5/14/2012,3.75,3.74,4.06,3.65,3.79,3.64,4.44,3.74,3.81,4.39,4.23
470,5/21/2012,3.72,3.69,3.99,3.68,3.76,3.56,4.39,3.69,3.76,4.35,4.28
471,5/28/2012,3.67,3.65,3.98,3.66,3.72,3.49,4.35,3.63,3.71,4.33,4.32
472,6/4/2012,3.61,3.59,3.89,3.57,3.7,3.44,4.29,3.61,3.66,4.27,4.33
473,6/11/2012,3.57,3.53,3.93,3.6,3.69,3.33,4.18,3.54,3.58,4.18,4.21
474,6/18/2012,3.53,3.47,3.83,3.7,3.69,3.28,4.03,3.52,3.51,4.05,4.01
475,6/25/2012,3.44,3.41,3.66,3.44,3.65,3.2,3.89,3.42,3.47,3.89,3.8
476,7/2/2012,3.36,3.38,3.55,3.27,3.6,3.16,3.77,3.34,3.44,3.8,3.64
477,7/9/2012,3.41,3.41,3.73,3.54,3.58,3.17,3.74,3.41,3.5,3.73,3.61
478,7/16/2012,3.43,3.48,3.72,3.38,3.54,3.24,3.8,3.48,3.55,3.73,3.58
479,7/23/2012,3.49,3.56,3.71,3.42,3.52,3.32,3.89,3.61,3.65,3.8,3.67
480,7/30/2012,3.51,3.56,3.82,3.48,3.47,3.33,3.87,3.62,3.65,3.82,3.66
481,8/6/2012,3.65,3.65,4.18,3.87,3.45,3.42,3.94,3.76,3.71,3.87,3.7
482,8/13/2012,3.72,3.71,4.16,3.77,3.48,3.5,4.16,3.79,3.79,4.15,3.88
483,8/20/2012,3.74,3.74,4.17,3.76,3.49,3.5,4.17,3.81,3.82,4.15,3.99
484,8/27/2012,3.78,3.74,4.09,3.69,3.49,3.54,4.2,3.91,3.84,4.17,4.04
485,9/3/2012,3.84,3.77,4.25,3.86,3.53,3.62,4.2,3.97,3.87,4.2,4.06
486,9/10/2012,3.85,3.86,4.19,3.79,3.61,3.62,4.2,3.96,3.9,4.2,4.07
487,9/17/2012,3.88,3.91,4.23,3.82,3.71,3.64,4.17,3.96,3.99,4.17,4.04
488,9/24/2012,3.83,3.88,4.12,3.72,3.73,3.58,4.16,3.92,3.94,4.19,4.03
489,10/1/2012,3.8,3.89,4.01,3.71,3.73,3.53,4.21,3.88,3.93,4.22,4.04
490,10/8/2012,3.85,3.89,4.0,3.77,3.7,3.5,4.74,3.86,3.96,4.68,4.11
491,10/15/2012,3.82,3.85,3.87,3.63,3.68,3.49,4.69,3.85,3.92,4.62,4.11
492,10/22/2012,3.69,3.78,3.67,3.4,3.62,3.42,4.47,3.77,3.82,4.44,3.98
493,10/29/2012,3.57,3.69,3.58,3.43,3.54,3.31,4.21,3.67,3.69,4.2,3.82
494,11/5/2012,3.49,3.67,3.52,3.37,3.47,3.23,4.02,3.61,3.7,4.01,3.69
495,11/12/2012,3.45,3.62,3.56,3.44,3.4,3.16,3.87,3.53,3.7,3.9,3.62
496,11/19/2012,3.43,3.58,3.55,3.46,3.39,3.13,3.83,3.51,3.73,3.81,3.52
497,11/26/2012,3.44,3.56,3.58,3.53,3.37,3.13,3.79,3.53,3.71,3.78,3.47
498,12/3/2012,3.39,3.52,3.5,3.41,3.31,3.12,3.75,3.51,3.65,3.71,3.45
499,12/10/2012,3.35,3.48,3.48,3.37,3.24,3.09,3.69,3.5,3.6,3.63,3.42
500,12/17/2012,3.25,3.41,3.32,3.19,3.17,3.01,3.59,3.41,3.54,3.54,3.37
501,12/24/2012,3.26,3.38,3.31,3.24,3.06,3.03,3.59,3.48,3.52,3.51,3.38
502,12/31/2012,3.3,3.4,3.38,3.31,2.99,3.08,3.61,3.52,3.54,3.59,3.41
503,1/7/2013,3.3,3.42,3.31,3.22,2.91,3.17,3.66,3.55,3.55,3.62,3.45
504,1/14/2013,3.3,3.43,3.35,3.26,2.84,3.18,3.7,3.56,3.54,3.61,3.44
505,1/21/2013,3.32,3.41,3.42,3.3,2.81,3.16,3.75,3.54,3.51,3.61,3.41
506,1/28/2013,3.36,3.44,3.48,3.39,2.93,3.16,3.78,3.57,3.55,3.65,3.43
507,2/4/2013,3.54,3.59,3.78,3.54,3.19,3.34,4.04,3.7,3.69,3.87,3.57
508,2/11/2013,3.61,3.65,3.87,3.6,3.34,3.38,4.19,3.76,3.75,3.97,3.65
509,2/18/2013,3.75,3.72,4.0,3.81,3.5,3.54,4.32,3.97,3.79,4.08,3.72
510,2/25/2013,3.78,3.74,3.96,3.74,3.56,3.61,4.35,4.0,3.82,4.2,3.8
511,3/4/2013,3.76,3.72,3.93,3.72,3.56,3.56,4.33,3.96,3.78,4.2,3.86
512,3/11/2013,3.71,3.7,3.83,3.65,3.54,3.51,4.29,3.92,3.76,4.17,3.88
513,3/18/2013,3.7,3.66,3.88,3.7,3.54,3.53,4.23,3.87,3.72,4.12,3.86
514,3/25/2013,3.68,3.64,3.96,3.72,3.54,3.51,4.17,3.82,3.7,4.05,3.8
515,4/1/2013,3.65,3.61,3.99,3.6,3.57,3.51,4.14,3.79,3.68,4.06,3.77
516,4/8/2013,3.61,3.57,3.87,3.53,3.58,3.46,4.11,3.71,3.63,4.05,3.76
517,4/15/2013,3.54,3.53,3.76,3.43,3.54,3.4,4.04,3.66,3.58,4.01,3.73
518,4/22/2013,3.54,3.47,3.98,3.66,3.51,3.37,3.95,3.6,3.53,3.99,3.67
519,4/29/2013,3.52,3.43,4.08,3.6,3.53,3.34,3.92,3.58,3.52,3.96,3.63
520,5/6/2013,3.54,3.43,4.13,3.71,3.56,3.33,3.95,3.57,3.53,3.94,3.72
521,5/13/2013,3.6,3.46,4.18,3.62,3.66,3.37,4.09,3.59,3.57,4.07,3.99
522,5/20/2013,3.67,3.49,4.2,3.86,3.83,3.37,4.09,3.59,3.59,4.08,4.04
523,5/27/2013,3.65,3.51,4.09,3.72,3.81,3.35,4.05,3.59,3.62,4.05,4.0
524,6/3/2013,3.65,3.5,4.23,3.85,3.77,3.32,4.0,3.58,3.6,4.02,3.93
525,6/10/2013,3.66,3.51,4.36,3.94,3.75,3.32,4.01,3.63,3.6,3.99,3.86
526,6/17/2013,3.63,3.52,4.25,3.75,3.69,3.34,4.04,3.67,3.59,4.02,3.83
527,6/24/2013,3.58,3.52,4.02,3.47,3.64,3.34,4.16,3.65,3.6,4.07,3.84
528,7/1/2013,3.5,3.49,3.85,3.27,3.58,3.3,4.08,3.58,3.58,4.0,3.81
529,7/8/2013,3.49,3.49,3.76,3.38,3.55,3.28,4.06,3.56,3.58,3.99,3.81
530,7/15/2013,3.64,3.65,4.02,3.68,3.54,3.42,4.11,3.71,3.72,4.01,3.92
531,7/22/2013,3.68,3.73,4.09,3.59,3.53,3.5,4.12,3.75,3.76,4.02,3.96
532,7/29/2013,3.65,3.72,3.96,3.47,3.53,3.49,4.07,3.74,3.81,3.97,3.94
533,8/5/2013,3.63,3.7,3.91,3.6,3.52,3.46,4.01,3.72,3.78,3.96,3.91
534,8/12/2013,3.56,3.69,3.76,3.43,3.53,3.41,3.94,3.66,3.72,3.91,3.85
535,8/19/2013,3.55,3.67,3.69,3.5,3.51,3.39,3.86,3.64,3.69,3.86,3.82
536,8/26/2013,3.55,3.66,3.73,3.53,3.49,3.38,3.84,3.67,3.67,3.82,3.77
537,9/2/2013,3.61,3.68,3.81,3.63,3.54,3.37,3.88,3.69,3.71,3.84,3.74
538,9/9/2013,3.59,3.67,3.77,3.53,3.54,3.35,3.97,3.67,3.71,3.91,3.73
539,9/16/2013,3.55,3.63,3.71,3.43,3.53,3.28,4.08,3.64,3.67,4.05,3.75
540,9/23/2013,3.5,3.59,3.65,3.5,3.51,3.2,4.03,3.56,3.58,4.03,3.76
541,9/30/2013,3.43,3.55,3.57,3.35,3.45,3.15,3.96,3.53,3.52,3.97,3.69
542,10/7/2013,3.37,3.5,3.49,3.24,3.4,3.08,3.87,3.46,3.47,3.92,3.66
543,10/14/2013,3.35,3.44,3.5,3.31,3.36,3.06,3.8,3.47,3.42,3.89,3.61
544,10/21/2013,3.36,3.4,3.5,3.36,3.32,3.06,3.76,3.46,3.4,3.86,3.54
545,10/28/2013,3.29,3.36,3.41,3.22,3.26,3.02,3.73,3.4,3.38,3.81,3.48
546,11/4/2013,3.27,3.34,3.39,3.25,3.21,2.97,3.68,3.38,3.36,3.73,3.41
547,11/11/2013,3.19,3.3,3.25,3.13,3.16,2.95,3.61,3.34,3.32,3.66,3.35
548,11/18/2013,3.22,3.3,3.33,3.16,3.14,2.95,3.58,3.39,3.36,3.6,3.3
549,11/25/2013,3.29,3.36,3.4,3.23,3.11,3.12,3.59,3.53,3.44,3.58,3.31
550,12/2/2013,3.27,3.39,3.32,3.17,3.08,3.11,3.63,3.55,3.47,3.59,3.34
551,12/9/2013,3.27,3.41,3.27,3.26,3.03,3.08,3.65,3.53,3.47,3.59,3.35
552,12/16/2013,3.24,3.44,3.31,3.18,3.0,3.05,3.65,3.51,3.49,3.58,3.36
553,12/23/2013,3.27,3.45,3.4,3.29,3.03,3.09,3.67,3.52,3.5,3.61,3.37
554,12/30/2013,3.33,3.48,3.45,3.39,3.1,3.13,3.69,3.56,3.54,3.66,3.4
555,1/6/2014,3.33,3.49,3.47,3.34,3.14,3.12,3.72,3.54,3.54,3.67,3.43
556,1/13/2014,3.33,3.46,3.46,3.4,3.15,3.1,3.67,3.51,3.5,3.66,3.41
557,1/20/2014,3.3,3.42,3.45,3.3,3.15,3.08,3.63,3.51,3.45,3.63,3.39
558,1/27/2014,3.3,3.38,3.45,3.32,3.15,3.07,3.62,3.5,3.43,3.62,3.37
559,2/3/2014,3.29,3.36,3.42,3.32,3.14,3.06,3.63,3.49,3.42,3.63,3.36
560,2/10/2014,3.31,3.36,3.52,3.42,3.17,3.07,3.72,3.48,3.42,3.63,3.35
561,2/17/2014,3.38,3.39,3.58,3.45,3.33,3.12,3.79,3.53,3.51,3.7,3.38
562,2/24/2014,3.44,3.46,3.66,3.55,3.45,3.13,3.89,3.55,3.54,3.78,3.41
563,3/3/2014,3.48,3.48,3.81,3.6,3.53,3.15,3.95,3.56,3.56,3.86,3.47
564,3/10/2014,3.51,3.5,3.82,3.61,3.59,3.2,3.98,3.59,3.61,3.92,3.57
565,3/17/2014,3.55,3.52,3.87,3.7,3.59,3.32,4.05,3.64,3.61,3.97,3.64
566,3/24/2014,3.55,3.51,3.83,3.55,3.59,3.35,4.06,3.69,3.6,3.98,3.67
567,3/31/2014,3.58,3.52,3.89,3.58,3.58,3.36,4.06,3.76,3.58,4.01,3.71
568,4/7/2014,3.6,3.52,3.94,3.64,3.56,3.39,4.11,3.81,3.59,4.04,3.75
569,4/14/2014,3.65,3.56,4.07,3.71,3.53,3.44,4.28,3.87,3.6,4.14,3.79
570,4/21/2014,3.68,3.6,4.02,3.72,3.51,3.45,4.31,3.86,3.68,4.18,3.86
571,4/28/2014,3.71,3.68,4.03,3.77,3.49,3.47,4.33,3.83,3.78,4.27,3.89
572,5/5/2014,3.68,3.67,3.97,3.66,3.48,3.45,4.29,3.8,3.75,4.27,3.91
573,5/12/2014,3.67,3.66,3.87,3.71,3.45,3.44,4.22,3.78,3.73,4.19,3.9
574,5/19/2014,3.67,3.65,3.88,3.71,3.43,3.42,4.2,3.76,3.71,4.2,3.9
575,5/26/2014,3.67,3.65,3.92,3.84,3.43,3.42,4.18,3.75,3.72,4.18,3.91
576,6/2/2014,3.69,3.64,4.06,3.94,3.44,3.41,4.18,3.73,3.72,4.17,3.94
577,6/9/2014,3.67,3.65,4.02,3.82,3.44,3.4,4.15,3.71,3.73,4.16,3.94
578,6/16/2014,3.69,3.67,4.09,3.87,3.47,3.42,4.15,3.7,3.74,4.15,3.96
579,6/23/2014,3.7,3.69,4.0,3.72,3.55,3.47,4.15,3.73,3.78,4.13,4.01
580,6/30/2014,3.7,3.69,3.95,3.6,3.59,3.46,4.19,3.72,3.8,4.16,4.02
581,7/7/2014,3.68,3.7,3.87,3.54,3.59,3.44,4.19,3.71,3.79,4.16,4.02
582,7/14/2014,3.64,3.68,3.77,3.43,3.59,3.42,4.12,3.66,3.74,4.11,3.99
583,7/21/2014,3.59,3.64,3.7,3.51,3.58,3.36,4.04,3.64,3.7,4.06,3.96
584,7/28/2014,3.54,3.62,3.6,3.37,3.58,3.34,4.0,3.57,3.64,4.02,3.94
585,8/4/2014,3.52,3.56,3.64,3.46,3.59,3.31,3.93,3.55,3.6,4.0,3.93
586,8/11/2014,3.51,3.53,3.61,3.53,3.62,3.26,3.91,3.53,3.56,3.96,3.91
587,8/18/2014,3.47,3.5,3.68,3.39,3.63,3.26,3.89,3.52,3.51,3.94,3.91
588,8/25/2014,3.45,3.46,3.59,3.41,3.63,3.25,3.85,3.52,3.48,3.92,3.89
589,9/1/2014,3.46,3.47,3.68,3.55,3.61,3.23,3.81,3.52,3.47,3.91,3.88
590,9/8/2014,3.46,3.47,3.75,3.45,3.6,3.21,3.79,3.51,3.48,3.86,3.87
591,9/15/2014,3.41,3.46,3.67,3.33,3.57,3.16,3.77,3.47,3.45,3.83,3.84
592,9/22/2014,3.35,3.43,3.57,3.23,3.52,3.11,3.71,3.43,3.38,3.8,3.77
593,9/29/2014,3.35,3.4,3.59,3.29,3.46,3.12,3.69,3.42,3.36,3.76,3.73
594,10/6/2014,3.3,3.35,3.5,3.19,3.4,3.06,3.69,3.41,3.35,3.72,3.66
595,10/13/2014,3.21,3.3,3.41,3.1,3.28,2.99,3.62,3.3,3.28,3.64,3.55
596,10/20/2014,3.12,3.2,3.27,3.08,3.16,2.94,3.52,3.22,3.2,3.55,3.4
597,10/27/2014,3.06,3.13,3.22,2.97,3.09,2.87,3.41,3.15,3.11,3.44,3.25
598,11/3/2014,2.99,3.04,3.12,2.96,3.03,2.81,3.32,3.1,3.07,3.37,3.15
599,11/10/2014,2.94,2.98,3.1,2.86,2.99,2.72,3.23,3.07,3.02,3.28,3.11
600,11/17/2014,2.89,2.94,3.09,2.87,2.94,2.69,3.19,3.02,3.0,3.2,3.1
601,11/24/2014,2.82,2.88,2.98,2.77,2.87,2.64,3.1,2.96,2.94,3.14,3.09
602,12/1/2014,2.78,2.87,2.93,2.78,2.79,2.52,3.08,2.92,2.91,3.12,3.07
603,12/8/2014,2.68,2.78,2.79,2.62,2.69,2.46,3.01,2.85,2.83,3.03,3.0
604,12/15/2014,2.55,2.69,2.65,2.43,2.51,2.35,2.93,2.75,2.72,2.93,2.88
605,12/22/2014,2.4,2.57,2.47,2.24,2.34,2.23,2.77,2.65,2.62,2.82,2.75
606,12/29/2014,2.3,2.49,2.31,2.07,2.19,2.13,2.71,2.54,2.54,2.75,2.65
607,1/5/2015,2.21,2.39,2.17,1.93,2.06,2.0,2.73,2.45,2.43,2.75,2.55
608,1/12/2015,2.14,2.3,2.13,1.97,1.93,1.89,2.63,2.36,2.31,2.64,2.46
609,1/19/2015,2.07,2.16,2.1,1.98,1.86,1.83,2.49,2.32,2.2,2.58,2.36
610,1/26/2015,2.04,2.1,2.11,1.94,1.86,1.8,2.46,2.28,2.12,2.54,2.27
611,2/2/2015,2.07,2.09,2.26,2.05,1.86,1.82,2.46,2.29,2.12,2.53,2.23
612,2/9/2015,2.19,2.13,2.38,2.25,2.0,1.94,2.68,2.39,2.21,2.68,2.32
613,2/16/2015,2.27,2.19,2.46,2.27,2.06,2.0,2.87,2.44,2.26,2.78,2.42
614,2/23/2015,2.33,2.24,2.42,2.33,2.15,2.04,3.08,2.51,2.31,2.91,2.53
615,3/2/2015,2.47,2.35,2.53,2.42,2.18,2.14,3.53,2.59,2.39,3.41,2.87
616,3/9/2015,2.49,2.41,2.47,2.31,2.21,2.16,3.52,2.6,2.45,3.44,2.99
617,3/16/2015,2.45,2.39,2.41,2.23,2.2,2.19,3.43,2.6,2.43,3.36,2.94
618,3/23/2015,2.46,2.33,2.82,2.37,2.19,2.17,3.31,2.6,2.38,3.28,2.86
619,3/30/2015,2.45,2.3,2.85,2.38,2.2,2.2,3.25,2.63,2.36,3.23,2.8
620,4/6/2015,2.41,2.29,2.71,2.25,2.19,2.19,3.19,2.62,2.35,3.18,2.78
621,4/13/2015,2.41,2.28,2.62,2.33,2.23,2.18,3.15,2.61,2.36,3.15,2.76
622,4/20/2015,2.49,2.44,2.69,2.41,2.31,2.22,3.23,2.69,2.49,3.2,2.78
623,4/27/2015,2.57,2.52,2.78,2.5,2.37,2.24,3.56,2.74,2.57,3.44,2.87
624,5/4/2015,2.66,2.59,2.88,2.44,2.45,2.34,3.81,2.74,2.64,3.73,3.0
625,5/11/2015,2.69,2.61,2.81,2.48,2.53,2.36,3.86,2.76,2.68,3.7,3.06
626,5/18/2015,2.74,2.63,2.9,2.61,2.56,2.4,3.99,2.8,2.69,3.72,3.07
627,5/25/2015,2.77,2.67,3.05,2.71,2.57,2.39,3.93,2.83,2.71,3.69,3.08
628,6/1/2015,2.78,2.67,3.18,2.81,2.58,2.4,3.85,2.82,2.71,3.63,3.08
629,6/8/2015,2.78,2.69,3.09,2.71,2.6,2.48,3.72,2.84,2.72,3.57,3.07
630,6/15/2015,2.84,2.74,3.21,2.85,2.62,2.51,3.62,2.89,2.79,3.52,3.1
631,6/22/2015,2.81,2.76,3.11,2.74,2.64,2.48,3.58,2.89,2.75,3.49,3.17
632,6/29/2015,2.8,2.75,3.01,2.8,2.63,2.47,3.56,2.88,2.8,3.47,3.2
633,7/6/2015,2.79,2.74,3.09,2.68,2.65,2.49,3.53,2.88,2.8,3.47,3.19
634,7/13/2015,2.83,2.73,3.07,2.76,2.69,2.49,4.31,2.88,2.79,3.55,3.19
635,7/20/2015,2.8,2.7,2.94,2.59,2.75,2.47,4.27,2.85,2.74,3.56,3.18
636,7/27/2015,2.75,2.67,2.81,2.35,2.78,2.45,4.14,2.82,2.7,3.55,3.18
637,8/3/2015,2.69,2.61,2.68,2.29,2.78,2.42,3.99,2.75,2.66,3.51,3.17
638,8/10/2015,2.63,2.56,2.68,2.39,2.76,2.37,3.76,2.72,2.61,3.42,3.12
639,8/17/2015,2.72,2.52,3.37,2.83,2.86,2.35,3.82,2.68,2.56,3.43,3.08
640,8/24/2015,2.64,2.45,3.24,2.58,2.83,2.29,3.7,2.6,2.5,3.33,3.05
641,8/31/2015,2.51,2.35,2.95,2.31,2.77,2.21,3.55,2.56,2.4,3.24,2.96
642,9/7/2015,2.44,2.32,2.77,2.12,2.69,2.16,3.45,2.52,2.35,3.18,2.89
643,9/14/2015,2.38,2.29,2.63,2.19,2.61,2.11,3.3,2.49,2.29,3.08,2.8
644,9/21/2015,2.33,2.25,2.63,2.26,2.52,2.03,3.21,2.42,2.24,3.01,2.71
645,9/28/2015,2.32,2.22,2.69,2.34,2.43,1.98,3.11,2.42,2.2,2.98,2.64
646,10/5/2015,2.32,2.19,2.63,2.37,2.37,1.94,3.07,2.41,2.15,2.94,2.59
647,10/12/2015,2.34,2.16,2.71,2.48,2.31,1.98,3.03,2.41,2.16,2.91,2.55
648,10/19/2015,2.28,2.12,2.57,2.3,2.25,1.95,2.95,2.38,2.16,2.88,2.51
649,10/26/2015,2.23,2.11,2.43,2.16,2.18,1.9,2.92,2.34,2.12,2.86,2.46
650,11/2/2015,2.22,2.1,2.41,2.31,2.09,1.86,2.91,2.35,2.1,2.82,2.42
651,11/9/2015,2.24,2.11,2.35,2.24,2.03,1.9,2.92,2.39,2.16,2.83,2.51
652,11/16/2015,2.18,2.1,2.22,2.04,1.97,1.88,2.86,2.35,2.15,2.81,2.52
653,11/23/2015,2.09,2.09,2.03,1.9,1.92,1.83,2.79,2.34,2.12,2.75,2.48
654,11/30/2015,2.06,2.1,2.0,1.84,1.88,1.8,2.76,2.32,2.12,2.74,2.47
655,12/7/2015,2.05,2.08,2.01,1.92,1.85,1.75,2.77,2.33,2.11,2.69,2.45
656,12/14/2015,2.04,2.04,2.13,1.93,1.83,1.76,2.75,2.32,2.07,2.67,2.44
657,12/21/2015,2.03,2.04,2.06,1.86,1.87,1.72,2.88,2.31,2.05,2.72,2.45
658,12/28/2015,2.03,2.01,2.09,1.93,1.85,1.71,3.05,2.25,2.03,2.74,2.49
659,1/4/2016,2.03,1.99,2.06,1.91,1.84,1.72,3.11,2.25,2.0,2.75,2.49
660,1/11/2016,2.0,1.97,2.04,1.87,1.83,1.69,3.07,2.19,1.98,2.74,2.46
661,1/18/2016,1.91,1.92,1.89,1.69,1.78,1.62,2.9,2.12,1.91,2.65,2.4
662,1/25/2016,1.86,1.89,1.77,1.59,1.74,1.6,2.81,2.1,1.89,2.6,2.33
663,2/1/2016,1.82,1.85,1.67,1.66,1.68,1.57,2.73,2.07,1.86,2.53,2.22
664,2/8/2016,1.76,1.81,1.56,1.5,1.62,1.52,2.63,1.98,1.82,2.49,2.13
665,2/15/2016,1.72,1.77,1.6,1.55,1.54,1.47,2.5,1.97,1.76,2.44,2.09
666,2/22/2016,1.73,1.74,1.73,1.7,1.53,1.45,2.37,1.96,1.74,2.39,2.05
667,2/29/2016,1.78,1.73,1.86,1.76,1.65,1.51,2.57,1.97,1.72,2.4,2.06
668,3/7/2016,1.84,1.74,1.95,1.84,1.78,1.54,2.58,2.02,1.73,2.45,2.14
669,3/14/2016,1.96,1.85,2.15,1.94,1.88,1.74,2.74,2.12,1.83,2.59,2.21
670,3/21/2016,2.01,1.87,2.05,1.92,1.92,1.79,2.81,2.18,1.86,2.67,2.27
671,3/28/2016,2.07,2.0,2.14,1.91,1.93,1.85,2.88,2.24,1.96,2.79,2.31
672,4/4/2016,2.08,2.01,2.21,1.97,1.93,1.84,2.84,2.24,1.99,2.8,2.32
673,4/11/2016,2.07,2.02,2.11,2.03,1.91,1.82,2.81,2.22,2.01,2.78,2.29
674,4/18/2016,2.14,2.1,2.25,2.1,2.05,1.86,2.83,2.28,2.11,2.82,2.31
675,4/25/2016,2.16,2.15,2.38,2.18,2.06,1.86,2.84,2.27,2.13,2.83,2.33
676,5/2/2016,2.24,2.21,2.44,2.31,2.09,1.93,2.88,2.37,2.2,2.85,2.39
677,5/9/2016,2.22,2.24,2.33,2.18,2.12,1.94,2.82,2.38,2.22,2.85,2.48
678,5/16/2016,2.24,2.22,2.42,2.25,2.12,1.95,2.83,2.37,2.22,2.88,2.54
679,5/23/2016,2.3,2.27,2.5,2.36,2.2,1.99,2.84,2.41,2.24,2.88,2.58
680,5/30/2016,2.34,2.31,2.54,2.45,2.22,2.05,2.85,2.43,2.29,2.88,2.6
681,6/6/2016,2.38,2.32,2.64,2.54,2.22,2.08,2.89,2.47,2.28,2.89,2.62
682,6/13/2016,2.4,2.33,2.78,2.59,2.23,2.1,2.91,2.49,2.29,2.93,2.63
683,6/20/2016,2.35,2.31,2.65,2.41,2.24,2.07,2.93,2.48,2.28,2.92,2.62
684,6/27/2016,2.33,2.31,2.5,2.28,2.22,2.06,3.02,2.45,2.28,2.94,2.62
685,7/4/2016,2.29,2.3,2.41,2.15,2.2,2.06,2.99,2.45,2.26,2.94,2.64
686,7/11/2016,2.25,2.24,2.33,2.06,2.18,2.01,2.92,2.42,2.24,2.92,2.65
687,7/18/2016,2.23,2.21,2.36,2.16,2.15,1.99,2.9,2.4,2.21,2.91,2.64
688,7/25/2016,2.18,2.18,2.22,2.04,2.13,1.95,2.81,2.36,2.18,2.86,2.64
689,8/1/2016,2.16,2.14,2.22,2.05,2.08,1.91,2.71,2.32,2.16,2.78,2.61
690,8/8/2016,2.15,2.09,2.32,2.08,2.05,1.93,2.67,2.31,2.13,2.75,2.58
691,8/15/2016,2.15,2.06,2.26,2.16,2.04,1.89,2.62,2.28,2.11,2.71,2.57
692,8/22/2016,2.19,2.13,2.36,2.11,2.07,1.93,2.72,2.31,2.14,2.76,2.57
693,8/29/2016,2.24,2.16,2.43,2.23,2.17,1.97,2.74,2.38,2.15,2.75,2.59
694,9/5/2016,2.22,2.16,2.31,2.08,2.16,1.98,2.74,2.36,2.17,2.74,2.61
695,9/12/2016,2.2,2.14,2.37,2.03,2.16,1.94,2.8,2.35,2.15,2.82,2.63
696,9/19/2016,2.23,2.15,2.3,2.16,2.14,1.93,2.79,2.34,2.16,2.83,2.69
697,9/26/2016,2.22,2.15,2.32,2.08,2.13,1.92,2.79,2.34,2.16,2.82,2.7
698,10/3/2016,2.25,2.2,2.36,2.21,2.13,1.95,2.88,2.38,2.16,2.82,2.7
699,10/10/2016,2.27,2.21,2.42,2.27,2.13,1.98,2.85,2.42,2.18,2.82,2.69
700,10/17/2016,2.26,2.21,2.29,2.14,2.14,2.0,2.86,2.44,2.18,2.82,2.7
701,10/24/2016,2.24,2.21,2.27,2.02,2.14,2.0,2.85,2.43,2.2,2.82,2.7
702,10/31/2016,2.23,2.2,2.17,2.02,2.14,1.97,2.91,2.41,2.2,2.8,2.7
703,11/7/2016,2.23,2.2,2.25,2.07,2.11,1.95,2.9,2.4,2.31,2.78,2.71
704,11/14/2016,2.18,2.17,2.14,2.02,2.07,1.93,2.84,2.38,2.31,2.72,2.66
705,11/21/2016,2.16,2.15,2.17,2.06,2.03,1.88,2.76,2.33,2.27,2.7,2.61
706,11/28/2016,2.15,2.15,2.24,2.06,1.99,1.87,2.72,2.32,2.27,2.7,2.58
707,12/5/2016,2.21,2.18,2.3,2.14,1.99,1.91,2.75,2.37,2.32,2.7,2.57
708,12/12/2016,2.24,2.2,2.42,2.21,2.02,1.92,2.71,2.43,2.35,2.71,2.57
709,12/19/2016,2.26,2.23,2.39,2.26,2.06,1.97,2.73,2.47,2.36,2.72,2.58
710,12/26/2016,2.31,2.26,2.51,2.34,2.14,2.01,2.78,2.51,2.41,2.74,2.6
711,1/2/2017,2.38,2.32,2.59,2.32,2.21,2.1,2.86,2.58,2.47,2.8,2.66
712,1/9/2017,2.39,2.33,2.54,2.36,2.26,2.11,2.89,2.58,2.48,2.82,2.73
713,1/16/2017,2.36,2.3,2.43,2.28,2.23,2.08,2.85,2.56,2.46,2.86,2.76
714,1/23/2017,2.33,2.27,2.36,2.17,2.21,2.06,2.84,2.53,2.45,2.85,2.75
715,1/30/2017,2.3,2.25,2.27,2.08,2.18,2.05,2.86,2.53,2.43,2.84,2.74
716,2/6/2017,2.29,2.23,2.3,2.02,2.14,2.04,2.93,2.53,2.4,2.86,2.73
717,2/13/2017,2.31,2.25,2.38,2.12,2.12,2.03,2.98,2.53,2.4,2.89,2.72
718,2/20/2017,2.3,2.24,2.31,2.08,2.16,2.01,2.98,2.56,2.39,2.92,2.73
719,2/27/2017,2.31,2.23,2.35,2.17,2.16,2.02,3.07,2.54,2.37,2.97,2.74
720,3/6/2017,2.34,2.21,2.42,2.22,2.16,2.02,3.05,2.57,2.35,3.03,2.78
721,3/13/2017,2.32,2.22,2.34,2.15,2.16,2.01,3.04,2.53,2.34,3.03,2.83
722,3/20/2017,2.32,2.22,2.4,2.14,2.14,2.02,3.03,2.51,2.33,3.05,2.83
723,3/27/2017,2.32,2.23,2.37,2.11,2.16,2.04,3.03,2.5,2.33,3.05,2.82
724,4/3/2017,2.36,2.25,2.48,2.32,2.16,2.1,3.01,2.53,2.35,3.05,2.85
725,4/10/2017,2.42,2.28,2.6,2.28,2.26,2.16,3.03,2.59,2.41,3.05,2.88
726,4/17/2017,2.44,2.34,2.56,2.33,2.3,2.24,3.06,2.6,2.45,3.06,2.88
727,4/24/2017,2.45,2.36,2.58,2.36,2.32,2.23,3.05,2.6,2.46,3.06,2.9
728,5/1/2017,2.41,2.36,2.48,2.27,2.31,2.2,3.03,2.58,2.44,3.06,2.89
729,5/8/2017,2.37,2.35,2.42,2.21,2.3,2.16,3.02,2.55,2.42,3.04,2.87
730,5/15/2017,2.37,2.34,2.5,2.17,2.29,2.12,3.04,2.53,2.4,3.07,2.86
731,5/22/2017,2.4,2.39,2.54,2.31,2.29,2.1,3.09,2.53,2.4,3.19,2.87
732,5/29/2017,2.41,2.4,2.54,2.26,2.34,2.1,3.1,2.55,2.43,3.23,2.87
733,6/5/2017,2.41,2.38,2.49,2.26,2.33,2.11,3.07,2.55,2.42,3.2,2.87
734,6/12/2017,2.37,2.3,2.39,2.2,2.32,2.1,3.01,2.52,2.41,3.15,2.86
735,6/19/2017,2.32,2.27,2.39,2.14,2.29,2.04,2.97,2.45,2.38,3.1,2.84
736,6/26/2017,2.29,2.27,2.31,2.1,2.25,1.99,2.91,2.39,2.35,3.07,2.82
737,7/3/2017,2.26,2.26,2.37,2.08,2.2,1.95,2.91,2.36,2.33,3.04,2.8
738,7/10/2017,2.3,2.24,2.45,2.15,2.21,1.95,2.92,2.37,2.34,3.03,2.8
739,7/17/2017,2.28,2.22,2.36,2.13,2.2,1.96,2.91,2.36,2.34,3.02,2.8
740,7/24/2017,2.31,2.27,2.36,2.19,2.24,2.01,2.93,2.4,2.37,3.01,2.8
741,7/31/2017,2.35,2.32,2.46,2.3,2.25,2.02,3.0,2.44,2.39,3.03,2.8
742,8/7/2017,2.38,2.34,2.44,2.28,2.3,2.09,3.01,2.46,2.45,3.05,2.81
743,8/14/2017,2.38,2.33,2.46,2.24,2.29,2.1,3.03,2.45,2.44,3.06,2.83
744,8/21/2017,2.36,2.32,2.34,2.22,2.29,2.07,3.05,2.44,2.41,3.07,2.89
745,8/28/2017,2.4,2.36,2.47,2.26,2.29,2.08,3.07,2.48,2.41,3.07,2.95
746,9/4/2017,2.68,2.73,2.61,2.57,2.55,2.43,3.19,2.87,2.79,3.18,3.03
747,9/11/2017,2.69,2.75,2.69,2.52,2.52,2.43,3.22,,2.8,3.23,3.07
748,9/18/2017,2.63,2.73,2.54,2.43,2.48,2.39,3.16,2.78,2.76,3.23,3.06
749,9/25/2017,2.58,2.71,2.42,2.35,2.46,2.38,3.12,2.84,2.69,3.2,3.04
750,10/2/2017,2.57,2.67,2.55,2.33,2.44,2.35,3.07,2.82,2.64,3.19,2.99
751,10/9/2017,2.5,2.63,2.46,2.28,2.42,2.28,3.06,2.79,2.58,3.16,2.96
752,10/16/2017,2.49,2.59,2.54,2.29,2.41,2.2,3.07,2.74,2.54,3.15,2.93
753,10/23/2017,2.48,2.58,2.61,2.33,2.43,2.17,3.07,2.7,2.51,3.13,2.93
754,10/30/2017,2.49,2.56,2.66,2.4,2.43,2.14,3.09,2.69,2.52,3.1,2.92
755,11/6/2017,2.56,2.56,2.86,2.66,2.49,2.17,3.33,2.71,2.56,3.27,2.96
756,11/13/2017,2.59,2.58,2.78,2.61,2.52,2.2,3.36,2.75,2.62,3.28,3.03
757,11/20/2017,2.57,2.58,2.77,2.57,2.51,2.18,3.25,2.71,2.6,3.26,3.02
758,11/27/2017,2.53,2.57,2.61,2.48,2.49,2.16,3.22,2.69,2.6,3.23,2.99
759,12/4/2017,2.5,2.56,2.48,2.37,2.47,2.16,3.17,2.67,2.59,3.23,2.99
760,12/11/2017,2.49,2.54,2.53,2.34,2.43,2.13,3.12,2.67,2.56,3.21,2.97
761,12/18/2017,2.45,2.52,2.57,2.27,2.41,2.1,3.09,2.64,2.53,3.19,2.98
762,12/25/2017,2.47,2.49,2.68,2.4,2.37,2.13,3.18,2.65,2.5,3.18,2.95
763,1/1/2018,2.52,2.52,2.71,2.43,2.38,2.16,3.21,2.67,2.57,3.18,2.96
764,1/8/2018,2.52,2.54,2.66,2.41,2.36,2.19,3.3,2.67,2.59,3.21,2.96
765,1/15/2018,2.56,2.53,2.73,2.4,2.35,2.21,3.28,2.69,2.59,3.19,2.95
766,1/22/2018,2.57,2.53,2.62,2.4,2.37,2.24,3.33,2.76,2.63,3.2,2.97
767,1/29/2018,2.61,2.56,2.64,2.4,2.41,2.27,3.43,2.81,2.68,3.27,3.01
768,2/5/2018,2.64,2.6,2.66,2.43,2.44,2.29,3.48,2.81,2.71,3.37,3.04
769,2/12/2018,2.61,2.62,2.57,2.39,2.44,2.26,3.46,2.8,2.69,3.35,3.05
770,2/19/2018,2.56,2.58,2.49,2.32,2.4,2.2,3.46,2.77,2.66,3.35,3.04
771,2/26/2018,2.55,2.55,2.54,2.31,2.36,2.17,3.46,2.74,2.62,3.39,3.04
772,3/5/2018,2.56,2.54,2.55,2.33,2.34,2.21,3.46,2.76,2.6,3.4,3.06
773,3/12/2018,2.56,2.53,2.58,2.39,2.34,2.2,3.49,2.73,2.58,3.44,3.09
774,3/19/2018,2.6,2.53,2.74,2.39,2.36,2.28,3.52,2.75,2.58,3.49,3.15
775,3/26/2018,2.65,2.55,2.74,2.43,2.41,2.36,3.56,2.79,2.65,3.53,3.2
776,4/2/2018,2.7,2.61,2.79,2.51,2.46,2.41,3.6,2.83,2.69,3.58,3.23
777,4/9/2018,2.69,2.61,2.81,2.52,2.46,2.39,3.56,2.82,2.69,3.59,3.25
778,4/16/2018,2.75,2.65,2.81,2.57,2.6,2.45,3.58,2.87,2.74,3.65,3.27
779,4/23/2018,2.8,2.72,2.9,2.71,2.6,2.48,3.6,2.91,2.84,3.66,3.31
780,4/30/2018,2.85,2.76,2.93,2.68,2.6,2.51,3.64,2.95,2.91,3.7,3.35
781,5/7/2018,2.85,2.78,2.99,2.69,2.62,2.51,3.65,2.93,2.92,3.71,3.39
782,5/14/2018,2.87,2.83,3.03,2.82,2.68,2.61,3.62,2.81,2.94,3.65,3.37
783,5/21/2018,2.92,2.9,3.15,2.83,2.77,2.72,3.64,2.82,3.0,3.68,3.39
784,5/28/2018,2.96,2.95,3.19,2.86,2.85,2.77,3.65,2.9,3.01,3.69,3.43
785,6/4/2018,2.94,2.93,3.2,2.82,2.83,2.75,3.65,2.87,2.98,3.69,3.43
786,6/11/2018,2.91,2.89,3.09,2.79,2.8,2.72,3.63,2.81,2.97,3.68,3.41
787,6/18/2018,2.88,2.86,3.06,2.73,2.79,2.69,3.59,2.79,2.92,3.66,3.39
788,6/25/2018,2.83,2.86,2.92,2.67,2.73,2.66,3.55,2.75,2.88,3.63,3.39
789,7/2/2018,2.84,2.87,2.98,2.69,2.74,2.66,3.54,2.75,2.9,3.64,3.38
790,7/9/2018,2.86,2.87,3.03,2.76,2.74,2.66,3.54,2.74,2.9,3.64,3.37
791,7/16/2018,2.87,2.88,3.0,2.82,2.73,2.64,3.52,2.8,2.91,3.63,3.38
792,7/23/2018,2.83,2.87,2.91,2.74,2.7,2.61,3.5,2.77,2.87,3.61,3.34
793,7/30/2018,2.85,2.87,2.94,2.79,2.69,2.6,3.5,2.81,2.9,3.57,3.33
794,8/6/2018,2.85,2.87,2.98,2.78,2.7,2.59,3.51,2.8,2.89,3.57,3.32
795,8/13/2018,2.84,2.87,2.96,2.72,2.71,2.6,3.49,2.78,2.89,3.55,3.3
796,8/20/2018,2.82,2.85,2.86,2.71,2.71,2.56,3.46,2.75,2.87,3.52,3.29
797,8/27/2018,2.83,2.83,2.9,2.76,2.75,2.55,3.46,2.73,2.87,3.53,3.28
798,9/3/2018,2.82,2.84,2.85,2.74,2.82,2.51,3.5,2.78,2.86,3.55,3.29
799,9/10/2018,2.83,2.84,2.92,2.73,2.83,2.5,3.52,2.77,2.87,3.55,3.31
800,9/17/2018,2.84,2.84,2.96,2.79,2.85,2.49,3.51,2.76,2.88,3.58,3.3
801,9/24/2018,2.84,2.83,2.98,2.77,2.85,2.51,3.52,2.75,2.85,3.58,3.32
802,10/1/2018,2.87,2.83,2.96,2.77,2.89,2.53,3.65,2.82,2.86,3.66,3.35
803,10/8/2018,2.9,2.83,3.0,2.85,2.92,2.58,3.73,2.82,2.9,3.74,3.39
804,10/15/2018,2.88,2.8,2.89,2.69,2.89,2.57,3.73,2.8,2.88,3.75,3.48
805,10/22/2018,2.84,2.8,2.79,2.61,2.85,2.53,3.72,2.77,2.86,3.76,3.51
806,10/29/2018,2.81,2.79,2.84,2.66,2.82,2.47,3.7,2.72,2.83,3.72,3.5
807,11/5/2018,2.75,2.77,2.75,2.56,2.77,2.42,3.65,2.67,2.79,3.71,3.49
808,11/12/2018,2.69,2.73,2.66,2.45,2.69,2.35,3.57,2.62,2.71,3.65,3.46
809,11/19/2018,2.61,2.7,2.51,2.39,2.62,2.31,3.52,2.56,2.66,3.57,3.38
810,11/26/2018,2.54,2.68,2.43,2.3,2.55,2.22,3.47,2.5,2.62,3.54,3.34
811,12/3/2018,2.45,2.64,2.3,2.13,2.44,2.15,3.38,2.45,2.57,3.46,3.31
812,12/10/2018,2.42,2.63,2.36,2.13,2.35,2.08,3.29,2.39,2.52,3.42,3.26
813,12/17/2018,2.37,2.58,2.27,2.05,2.29,2.03,3.24,2.35,2.49,3.4,3.2
814,12/24/2018,2.32,2.56,2.22,2.03,2.21,1.99,3.25,2.28,2.45,3.4,3.17
815,12/31/2018,2.27,2.51,2.13,1.94,2.17,1.95,3.21,2.24,2.41,3.38,3.15
816,1/7/2019,2.24,2.45,2.12,1.94,2.12,1.92,3.16,2.2,2.4,3.35,3.12
817,1/14/2019,2.25,2.43,2.15,1.98,2.04,1.92,3.13,2.22,2.38,3.3,3.08
818,1/21/2019,2.25,2.43,2.19,1.99,2.02,1.92,3.14,2.21,2.38,3.26,3.05
819,1/28/2019,2.26,2.41,2.14,2.05,2.0,1.96,3.11,2.24,2.36,3.24,3.02
820,2/4/2019,2.25,2.39,2.23,2.12,1.96,1.95,3.13,2.23,2.34,3.23,3.01
821,2/11/2019,2.28,2.37,2.29,2.17,1.94,1.98,3.17,2.21,2.32,3.25,3.0
822,2/18/2019,2.32,2.35,2.36,2.23,2.03,2.01,3.18,2.23,2.35,3.24,3.01
823,2/25/2019,2.39,2.39,2.5,2.36,2.08,2.09,3.2,2.33,2.43,3.23,2.99
824,3/4/2019,2.42,2.39,2.47,2.35,2.15,2.13,3.2,2.45,2.44,3.26,2.96
825,3/11/2019,2.47,2.4,2.56,2.43,2.19,2.22,3.22,2.46,2.5,3.29,2.99
826,3/18/2019,2.55,2.45,2.69,2.44,2.32,2.33,3.25,2.63,2.57,3.34,3.04
827,3/25/2019,2.62,2.52,2.77,2.5,2.39,2.41,3.39,2.64,2.64,3.44,3.12
828,4/1/2019,2.69,2.55,2.89,2.59,2.44,2.46,3.54,2.74,2.65,3.55,3.21
829,4/8/2019,2.75,2.57,2.98,2.63,2.48,2.5,3.75,2.7,2.7,3.74,3.31
830,4/15/2019,2.83,2.64,2.98,2.61,2.61,2.59,3.95,2.76,2.77,3.94,3.42
831,4/22/2019,2.84,2.72,3.07,2.69,2.65,2.59,3.96,2.72,2.84,3.96,3.49
832,4/29/2019,2.89,2.8,3.11,2.67,2.71,2.61,3.97,2.69,2.92,4.03,3.53
833,5/6/2019,2.9,2.84,3.15,2.74,2.74,2.61,3.99,2.75,2.93,4.05,3.56
834,5/13/2019,2.87,2.83,3.22,2.64,2.78,2.59,3.93,2.68,2.92,4.02,3.56
835,5/20/2019,2.85,2.81,3.15,2.74,2.78,2.58,3.89,2.64,2.9,3.99,3.55
836,5/27/2019,2.82,2.8,3.14,2.58,2.78,2.55,3.83,2.6,2.85,3.99,3.55
837,6/3/2019,2.81,2.77,3.15,2.78,2.78,2.52,3.79,2.58,2.82,3.91,3.55
838,6/10/2019,2.73,2.74,2.97,2.5,2.73,2.46,3.71,2.58,2.77,3.81,3.49
839,6/17/2019,2.67,2.7,2.84,2.43,2.7,2.38,3.64,2.48,2.74,3.74,3.44
840,6/24/2019,2.65,2.68,2.93,2.56,2.65,2.33,3.58,2.42,2.71,3.67,3.41
841,7/1/2019,2.71,2.7,3.04,2.65,2.6,2.37,3.6,2.5,2.77,3.68,3.39
842,7/8/2019,2.74,2.71,3.08,2.67,2.57,2.42,3.61,2.61,2.77,3.68,3.39
843,7/15/2019,2.78,2.72,3.27,2.77,2.57,2.47,3.59,2.59,2.79,3.66,3.37
844,7/22/2019,2.75,2.71,3.09,2.78,2.53,2.48,3.55,2.62,2.78,3.62,3.34
845,7/29/2019,2.72,2.71,3.07,2.7,2.5,2.45,3.53,2.55,2.76,3.62,3.34
846,8/5/2019,2.69,2.7,2.96,2.72,2.46,2.43,3.52,2.48,2.75,3.6,3.31
847,8/12/2019,2.62,2.7,2.78,2.57,2.43,2.38,3.46,2.4,2.71,3.53,3.29
848,8/19/2019,2.6,2.68,2.77,2.59,2.42,2.37,3.43,2.4,2.68,3.51,3.28
849,8/26/2019,2.57,2.66,2.8,2.51,2.42,2.32,3.4,2.36,2.66,3.48,3.27
850,9/2/2019,2.56,2.64,2.76,2.56,2.43,2.29,3.47,2.41,2.61,3.51,3.24
851,9/9/2019,2.55,2.58,2.67,2.55,2.46,2.28,3.49,2.39,2.59,3.5,3.25
852,9/16/2019,2.55,2.57,2.74,2.59,2.53,2.27,3.5,2.38,2.55,3.5,3.24
853,9/23/2019,2.65,2.57,2.86,2.71,2.61,2.34,3.62,2.48,2.58,3.66,3.25
854,9/30/2019,2.64,2.59,2.73,2.58,2.63,2.29,3.99,2.43,2.56,3.96,3.27
855,10/7/2019,2.65,2.56,2.81,2.54,2.64,2.26,4.1,2.45,2.54,4.1,3.3
856,10/14/2019,2.63,2.56,2.82,2.61,2.64,2.23,4.08,2.39,2.51,4.12,3.35
857,10/21/2019,2.64,2.55,2.72,2.51,2.68,2.21,4.0,2.44,2.52,4.07,3.41
858,10/28/2019,2.6,2.55,2.67,2.43,2.69,2.18,3.91,2.39,2.52,3.97,3.44
859,11/4/2019,2.61,2.55,2.6,2.46,2.75,2.16,3.94,2.42,2.55,3.99,3.43
860,11/11/2019,2.62,2.55,2.62,2.42,2.72,2.19,3.9,2.39,2.56,3.96,3.42
861,11/18/2019,2.59,2.54,2.68,2.54,2.75,2.17,3.83,2.36,2.54,3.85,3.4
862,11/25/2019,2.58,2.53,2.62,2.49,2.72,2.18,3.75,2.37,2.52,3.77,3.35
863,12/2/2019,2.58,2.53,2.57,2.58,2.73,2.16,3.66,2.42,2.53,3.73,3.33
864,12/9/2019,2.56,2.53,2.64,2.52,2.75,2.16,3.56,2.48,2.51,3.6,3.28
865,12/16/2019,2.54,2.53,2.61,2.56,2.69,2.17,3.52,2.45,2.51,3.53,3.23
866,12/23/2019,2.53,2.53,2.6,2.5,2.63,2.16,3.46,2.44,2.55,3.5,3.2
867,12/30/2019,2.57,2.54,2.61,2.62,2.59,2.21,3.45,2.45,2.56,3.48,3.2
868,1/6/2020,2.58,2.55,2.64,2.55,2.59,2.21,3.44,2.51,2.6,3.46,3.18
869,1/13/2020,2.57,2.54,2.7,2.51,2.55,2.22,3.42,2.47,2.6,3.45,3.13
870,1/20/2020,2.54,2.54,2.61,2.54,2.52,2.19,3.41,2.51,2.57,3.45,3.14
871,1/27/2020,2.51,2.52,2.63,2.43,2.49,2.17,3.39,2.44,2.53,3.45,3.11
872,2/3/2020,2.46,2.5,2.55,2.44,2.45,2.14,3.38,2.39,2.48,3.45,3.11
873,2/10/2020,2.42,2.48,2.5,2.35,2.43,2.09,3.39,2.38,2.45,3.43,3.13
874,2/17/2020,2.43,2.46,2.54,2.38,2.38,2.05,3.39,2.33,2.43,3.41,3.13
875,2/24/2020,2.47,2.47,2.65,2.48,2.34,2.1,3.41,2.39,2.46,3.39,3.12
876,3/2/2020,2.42,2.45,2.63,2.33,2.28,2.09,3.4,2.34,2.43,3.39,3.13
877,3/9/2020,2.38,2.43,2.51,2.21,2.23,2.05,3.33,2.27,2.39,3.36,3.12
878,3/16/2020,2.25,2.3,2.29,1.94,2.08,2.0,3.24,2.17,2.3,3.23,3.08
879,3/23/2020,2.12,2.17,2.16,1.77,1.98,1.86,3.08,2.09,2.23,3.06,2.89
880,3/30/2020,2.01,2.04,2.05,1.66,1.87,1.78,2.96,1.98,2.16,2.96,2.77
881,4/6/2020,1.92,1.99,1.96,1.55,1.78,1.72,2.89,1.95,2.11,2.92,2.7
882,4/13/2020,1.85,1.92,1.91,1.46,1.74,1.61,2.77,1.89,2.07,2.85,2.66
883,4/20/2020,1.81,1.89,1.89,1.45,1.67,1.57,2.7,1.86,2.02,2.79,2.57
884,4/27/2020,1.77,1.88,1.84,1.43,1.64,1.54,2.66,1.84,1.97,2.73,2.54
885,5/4/2020,1.79,1.89,1.92,1.59,1.61,1.52,2.63,1.82,1.96,2.74,2.53
886,5/11/2020,1.85,1.93,2.19,1.86,1.64,1.53,2.65,1.81,2.01,2.75,2.58
887,5/18/2020,1.88,1.94,2.21,1.92,1.71,1.51,2.69,1.8,2.01,2.78,2.57
888,5/25/2020,1.96,1.98,2.3,1.96,1.92,1.57,2.75,1.87,2.02,2.86,2.62
889,6/1/2020,1.97,1.98,2.31,2.04,2.09,1.6,2.78,1.86,2.02,2.89,2.59
890,6/8/2020,2.04,2.03,2.34,2.07,2.22,1.6,2.84,1.88,2.07,2.93,2.64
891,6/15/2020,2.1,2.02,2.34,2.2,2.33,1.74,2.87,1.98,2.08,2.97,2.68
892,6/22/2020,2.13,2.05,2.33,2.23,2.4,1.8,2.93,2.0,2.11,2.99,2.73
893,6/29/2020,2.17,2.08,2.37,2.23,2.48,1.84,2.96,2.0,2.13,3.02,2.76
894,7/6/2020,2.18,2.09,2.36,2.23,2.48,1.85,2.96,2.08,2.13,3.05,2.75
895,7/13/2020,2.2,2.08,2.4,2.19,2.48,1.85,3.01,2.09,2.14,3.09,2.78
896,7/20/2020,2.19,2.09,2.37,2.13,2.45,1.86,3.02,2.05,2.13,3.1,2.84
897,7/27/2020,2.18,2.08,2.36,2.09,2.42,1.84,3.03,2.03,2.12,3.16,2.84
898,8/3/2020,2.18,2.08,2.35,2.08,2.4,1.83,3.04,2.12,2.11,3.19,2.83
899,8/10/2020,2.17,2.08,2.35,2.08,2.36,1.81,3.03,2.1,2.1,3.18,2.84
900,8/17/2020,2.17,2.09,2.32,2.06,2.34,1.82,3.04,2.07,2.09,3.2,2.84
901,8/24/2020,2.18,2.09,2.33,2.15,2.33,1.8,3.06,2.05,2.1,3.24,2.86
902,8/31/2020,2.22,2.12,2.36,2.3,2.32,1.83,3.07,2.05,2.19,3.23,2.87
903,9/7/2020,2.21,2.09,2.35,2.16,2.29,1.84,3.07,2.16,2.18,3.23,2.87
904,9/14/2020,2.18,2.09,2.33,2.05,2.26,1.83,3.06,2.14,2.13,3.24,2.86
905,9/21/2020,2.17,2.09,2.32,2.08,2.23,1.82,3.05,2.11,2.11,3.21,2.85
906,9/28/2020,2.17,2.09,2.31,2.11,2.2,1.77,3.04,2.07,2.09,3.2,2.83
907,10/5/2020,2.17,2.08,2.3,2.08,2.18,1.77,3.03,2.15,2.12,3.21,2.83
908,10/12/2020,2.17,2.08,2.27,2.16,2.17,1.75,3.02,2.12,2.13,3.19,2.82
909,10/19/2020,2.15,2.07,2.23,2.03,2.16,1.74,3.02,2.09,2.13,3.18,2.79
910,10/26/2020,2.14,2.06,2.25,2.12,2.14,1.72,3.02,2.06,2.1,3.2,2.78
911,11/2/2020,2.11,2.06,2.22,2.0,2.1,1.7,2.99,2.03,2.07,3.18,2.78
912,11/9/2020,2.1,2.05,2.24,2.03,2.09,1.7,2.98,2.01,2.06,3.19,2.78
913,11/16/2020,2.11,2.04,2.2,1.96,2.08,1.7,2.97,1.99,2.09,3.19,2.8
914,11/23/2020,2.1,2.04,2.17,1.97,2.06,1.69,2.96,2.01,2.09,3.17,2.81
915,11/30/2020,2.12,2.05,2.17,1.91,2.09,1.71,2.97,2.02,2.14,3.18,2.81
916,12/7/2020,2.16,2.07,2.24,2.02,2.09,1.75,2.98,2.13,2.14,3.2,2.81
917,12/14/2020,2.16,2.13,2.22,1.96,2.09,1.75,2.99,2.11,2.17,3.2,2.77
918,12/21/2020,2.22,2.17,2.28,2.09,2.16,1.83,3.02,2.17,2.24,3.21,2.78
919,12/28/2020,2.24,2.19,2.39,2.19,2.19,1.84,3.05,2.18,2.22,3.23,2.79
920,1/4/2021,2.25,2.21,2.36,2.18,2.2,1.85,3.06,2.18,2.27,3.24,2.8
921,1/11/2021,2.32,2.27,2.42,2.19,2.25,1.95,3.11,2.27,2.34,3.28,2.83
922,1/18/2021,2.38,2.32,2.49,2.28,2.27,2.06,3.19,2.31,2.43,3.33,2.88
923,1/25/2021,2.39,2.34,2.54,2.35,2.27,2.06,3.23,2.38,2.45,3.35,2.89
924,2/1/2021,2.41,2.36,2.57,2.31,2.28,2.06,3.27,2.37,2.46,3.34,2.9
925,2/8/2021,2.46,2.4,2.6,2.42,2.33,2.1,3.34,2.47,2.51,3.35,2.97
926,2/15/2021,2.5,2.44,2.61,2.41,2.41,2.13,3.37,2.45,2.56,3.39,2.99
927,2/22/2021,2.63,2.55,2.75,2.68,2.46,2.27,3.48,2.58,2.66,3.49,3.07
928,3/1/2021,2.71,2.62,2.89,2.66,2.62,2.33,3.59,2.59,2.75,3.59,3.16
929,3/8/2021,2.77,2.67,2.98,2.79,2.7,2.41,3.66,2.68,2.78,3.67,3.22
930,3/15/2021,2.85,2.74,3.07,2.77,2.8,2.55,3.73,2.84,2.81,3.82,3.31
931,3/22/2021,2.87,2.77,3.05,2.7,2.9,2.56,3.77,2.89,2.82,3.84,3.38
932,3/29/2021,2.85,2.75,3.01,2.66,2.88,2.54,3.76,2.88,2.81,3.86,3.41
933,4/5/2021,2.86,2.75,3.06,2.75,2.88,2.53,3.78,2.86,2.8,3.88,3.42
934,4/12/2021,2.85,2.72,3.02,2.71,2.88,2.52,3.79,2.85,2.77,3.88,3.42
935,4/19/2021,2.86,2.73,3.06,2.69,2.94,2.51,3.83,2.84,2.77,3.92,3.44
936,4/26/2021,2.87,2.74,3.1,2.85,2.93,2.5,3.86,2.8,2.83,3.95,3.46
937,5/3/2021,2.89,2.78,3.15,2.81,2.94,2.52,3.9,2.77,2.87,4.01,3.5
938,5/10/2021,2.96,2.84,3.2,2.89,2.99,2.59,3.94,2.85,2.96,4.08,3.53
939,5/17/2021,3.03,2.89,3.26,2.88,3.04,2.66,3.97,2.87,3.01,4.09,3.58
940,5/24/2021,3.02,2.9,3.24,2.97,3.07,2.64,3.99,2.87,2.99,4.12,3.61
941,5/31/2021,3.03,2.89,3.27,2.94,3.08,2.64,4.04,2.85,2.98,4.17,3.63
942,6/7/2021,3.04,2.91,3.34,2.92,3.15,2.63,4.07,2.83,3.0,4.2,3.67
943,6/14/2021,3.07,2.91,3.39,2.91,3.17,2.66,4.07,2.94,3.03,4.23,3.66
944,6/21/2021,3.06,2.92,3.36,2.98,3.27,2.65,4.06,2.91,3.03,4.21,3.66
945,6/28/2021,3.09,2.95,3.34,2.96,3.34,2.69,4.09,2.91,3.07,4.24,3.72
946,7/5/2021,3.12,2.98,3.37,3.0,3.46,2.73,4.12,2.98,3.09,4.23,3.76
947,7/12/2021,3.13,3.0,3.37,2.98,3.47,2.75,4.15,2.98,3.1,4.26,3.82
948,7/19/2021,3.15,3.0,3.41,3.07,3.5,2.76,4.17,2.95,3.12,4.29,3.86
949,7/26/2021,3.14,3.0,3.38,3.02,3.51,2.74,4.17,2.94,3.12,4.26,3.87
950,8/2/2021,3.16,3.03,3.46,3.0,3.53,2.79,4.18,2.93,3.14,4.32,3.88
951,8/9/2021,3.17,3.03,3.41,2.95,3.62,2.79,4.19,2.98,3.12,4.35,3.92
952,8/16/2021,3.17,3.04,3.4,3.06,3.62,2.78,4.2,2.98,3.12,4.39,3.92
953,8/23/2021,3.15,3.03,3.33,3.0,3.6,2.75,4.19,2.97,3.11,4.35,3.92
954,8/30/2021,3.14,3.04,3.33,2.97,3.6,2.73,4.19,2.94,3.13,4.33,3.93
955,9/6/2021,3.18,3.06,3.4,3.05,3.58,2.74,4.19,3.0,3.2,4.33,3.94
956,9/13/2021,3.17,3.07,3.36,3.0,3.56,2.74,4.19,2.98,3.19,4.34,3.94
957,9/20/2021,3.18,3.07,3.4,3.12,3.52,2.74,4.18,3.07,3.2,4.33,3.92
958,9/27/2021,3.18,3.07,3.34,3.04,3.49,2.73,4.2,3.04,3.19,4.32,3.9
959,10/4/2021,3.19,3.08,3.42,3.17,3.48,2.74,4.21,3.03,3.18,4.39,3.9
960,10/11/2021,3.27,3.16,3.5,3.14,3.47,2.82,4.23,3.17,3.26,4.41,3.91
961,10/18/2021,3.32,3.27,3.52,3.27,3.47,2.87,4.31,3.16,3.35,4.5,3.91
962,10/25/2021,3.38,3.34,3.56,3.26,3.48,2.95,4.37,3.3,3.44,4.58,3.95
963,11/1/2021,3.39,3.37,3.54,3.22,3.47,2.99,4.39,3.3,3.44,4.66,3.95
964,11/8/2021,3.41,3.4,3.62,3.3,3.47,3.0,4.41,3.28,3.43,4.7,3.92
965,11/15/2021,3.4,3.4,3.56,3.31,3.46,2.99,4.49,3.26,3.44,4.72,3.93
966,11/22/2021,3.4,3.4,3.57,3.29,3.43,2.97,4.52,3.33,3.44,4.72,3.94
967,11/29/2021,3.38,3.4,3.5,3.27,3.38,2.96,4.52,3.34,3.44,4.7,3.93
968,12/6/2021,3.34,3.37,3.48,3.23,3.32,2.94,4.5,3.28,3.39,4.69,3.92
969,12/13/2021,3.32,3.35,3.42,3.24,3.25,2.89,4.48,3.23,3.4,4.66,3.9
970,12/20/2021,3.3,3.35,3.38,3.19,3.23,2.86,4.46,3.17,3.39,4.65,3.89
971,12/27/2021,3.28,3.36,3.34,3.13,3.2,2.82,4.46,3.17,3.38,4.63,3.88
972,1/3/2022,3.28,3.35,3.32,3.14,3.18,2.84,4.47,3.17,3.37,4.65,3.91
973,1/10/2022,3.3,3.33,3.46,3.16,3.18,2.83,4.48,3.15,3.33,4.65,4.0
974,1/17/2022,3.31,3.33,3.4,3.16,3.16,2.84,4.48,3.2,3.33,4.64,4.02
975,1/24/2022,3.32,3.32,3.44,3.16,3.17,2.88,4.46,3.2,3.34,4.63,4.02
976,1/31/2022,3.37,3.34,3.51,3.15,3.17,2.95,4.48,3.32,3.41,4.62,4.04
977,2/7/2022,3.44,3.4,3.62,3.29,3.22,3.03,4.5,3.43,3.46,4.63,4.03
978,2/14/2022,3.49,3.46,3.68,3.27,3.25,3.12,4.53,3.41,3.57,4.67,4.03
979,2/21/2022,3.53,3.53,3.72,3.37,3.26,3.18,4.56,3.48,3.61,4.73,4.06
980,2/28/2022,3.61,3.58,3.92,3.39,3.27,3.2,4.67,3.5,3.68,4.79,4.1
981,3/7/2022,4.1,4.17,4.4,3.92,3.73,3.8,5.2,3.99,4.26,5.28,4.51
982,3/14/2022,4.32,4.31,4.57,4.11,3.93,3.97,5.6,4.33,4.32,5.7,4.81
