id,State,County,Year,Days with AQI,Good Days,Moderate Days,Unhealthy for Sensitive Groups Days,Unhealthy Days,Very Unhealthy Days,Hazardous Days,Max AQI
1,Alabama,Baldwin,2020.0,269.0,250.0,19.0,0.0,0.0,0.0,0.0,74.0
2,Alabama,Clay,2020.0,108.0,99.0,9.0,0.0,0.0,0.0,0.0,86.0
3,Alabama,DeKalb,2020.0,364.0,350.0,14.0,0.0,0.0,0.0,0.0,90.0
4,Alabama,Elmore,2020.0,197.0,197.0,0.0,0.0,0.0,0.0,0.0,47.0
5,Alabama,Etowah,2020.0,278.0,260.0,18.0,0.0,0.0,0.0,0.0,92.0
6,Alabama,Jefferson,2020.0,366.0,212.0,151.0,3.0,0.0,0.0,0.0,129.0
7,Alabama,Lawrence,2020.0,72.0,69.0,3.0,0.0,0.0,0.0,0.0,75.0
8,Alabama,Madison,2020.0,364.0,307.0,57.0,0.0,0.0,0.0,0.0,88.0
9,Alabama,Mobile,2020.0,351.0,259.0,92.0,0.0,0.0,0.0,0.0,75.0
10,Alabama,Montgomery,2020.0,361.0,162.0,197.0,2.0,0.0,0.0,0.0,116.0
11,Alabama,Morgan,2020.0,355.0,308.0,47.0,0.0,0.0,0.0,0.0,71.0
12,Alabama,Russell,2020.0,365.0,299.0,66.0,0.0,0.0,0.0,0.0,99.0
13,Alabama,Shelby,2020.0,364.0,348.0,16.0,0.0,0.0,0.0,0.0,71.0
14,Alabama,Sumter,2020.0,362.0,350.0,12.0,0.0,0.0,0.0,0.0,70.0
15,Alabama,Tuscaloosa,2020.0,278.0,267.0,11.0,0.0,0.0,0.0,0.0,97.0
16,Alaska,Aleutians East ,2020.0,101.0,101.0,0.0,0.0,0.0,0.0,0.0,31.0
17,Alaska,Anchorage ,2020.0,366.0,334.0,32.0,0.0,0.0,0.0,0.0,91.0
18,Alaska,Bethel ,2020.0,167.0,166.0,1.0,0.0,0.0,0.0,0.0,56.0
19,Alaska,Denali ,2020.0,358.0,357.0,1.0,0.0,0.0,0.0,0.0,54.0
20,Alaska,Fairbanks North Star ,2020.0,366.0,255.0,74.0,17.0,20.0,0.0,0.0,170.0
21,Alaska,Juneau ,2020.0,361.0,343.0,17.0,1.0,0.0,0.0,0.0,101.0
22,Alaska,Kenai Peninsula ,2020.0,102.0,102.0,0.0,0.0,0.0,0.0,0.0,43.0
23,Alaska,Matanuska-Susitna ,2020.0,357.0,331.0,25.0,1.0,0.0,0.0,0.0,103.0
24,Alaska,North Slope ,2020.0,92.0,92.0,0.0,0.0,0.0,0.0,0.0,36.0
25,Arizona,Apache,2020.0,364.0,360.0,4.0,0.0,0.0,0.0,0.0,58.0
26,Arizona,Cochise,2020.0,366.0,274.0,90.0,2.0,0.0,0.0,0.0,108.0
27,Arizona,Coconino,2020.0,366.0,308.0,58.0,0.0,0.0,0.0,0.0,93.0
28,Arizona,Gila,2020.0,366.0,233.0,119.0,11.0,3.0,0.0,0.0,174.0
29,Arizona,La Paz,2020.0,366.0,294.0,70.0,2.0,0.0,0.0,0.0,125.0
30,Arizona,Maricopa,2020.0,366.0,14.0,151.0,60.0,67.0,74.0,0.0,282.0
31,Arizona,Mohave,2020.0,356.0,347.0,8.0,1.0,0.0,0.0,0.0,116.0
32,Arizona,Navajo,2020.0,366.0,317.0,47.0,2.0,0.0,0.0,0.0,136.0
33,Arizona,Pima,2020.0,366.0,154.0,199.0,12.0,0.0,1.0,0.0,277.0
34,Arizona,Pinal,2020.0,366.0,97.0,186.0,76.0,5.0,0.0,2.0,1124.0
35,Arizona,Santa Cruz,2020.0,360.0,233.0,122.0,4.0,1.0,0.0,0.0,165.0
36,Arizona,Yavapai,2020.0,331.0,265.0,65.0,1.0,0.0,0.0,0.0,119.0
37,Arizona,Yuma,2020.0,366.0,257.0,106.0,2.0,0.0,0.0,1.0,321.0
38,Arkansas,Arkansas,2020.0,119.0,108.0,11.0,0.0,0.0,0.0,0.0,82.0
39,Arkansas,Ashley,2020.0,122.0,111.0,11.0,0.0,0.0,0.0,0.0,89.0
40,Arkansas,Clark,2020.0,342.0,341.0,1.0,0.0,0.0,0.0,0.0,67.0
41,Arkansas,Crittenden,2020.0,366.0,309.0,54.0,3.0,0.0,0.0,0.0,115.0
42,Arkansas,Garland,2020.0,121.0,105.0,16.0,0.0,0.0,0.0,0.0,83.0
43,Arkansas,Jackson,2020.0,122.0,109.0,13.0,0.0,0.0,0.0,0.0,77.0
44,Arkansas,Newton,2020.0,364.0,354.0,10.0,0.0,0.0,0.0,0.0,84.0
45,Arkansas,Polk,2020.0,359.0,336.0,23.0,0.0,0.0,0.0,0.0,84.0
46,Arkansas,Pulaski,2020.0,366.0,275.0,89.0,2.0,0.0,0.0,0.0,132.0
47,Arkansas,Union,2020.0,121.0,106.0,15.0,0.0,0.0,0.0,0.0,89.0
48,Arkansas,Washington,2020.0,366.0,321.0,44.0,1.0,0.0,0.0,0.0,150.0
49,California,Alameda,2020.0,366.0,236.0,110.0,8.0,11.0,1.0,0.0,218.0
50,California,Amador,2020.0,359.0,327.0,29.0,2.0,1.0,0.0,0.0,156.0
51,California,Butte,2020.0,366.0,183.0,144.0,18.0,18.0,2.0,1.0,379.0
52,California,Calaveras,2020.0,364.0,260.0,81.0,10.0,13.0,0.0,0.0,192.0
53,California,Colusa,2020.0,366.0,247.0,87.0,9.0,23.0,0.0,0.0,198.0
54,California,Contra Costa,2020.0,366.0,258.0,89.0,8.0,11.0,0.0,0.0,197.0
55,California,Del Norte,2020.0,291.0,247.0,35.0,4.0,4.0,1.0,0.0,220.0
56,California,El Dorado,2020.0,366.0,258.0,85.0,17.0,6.0,0.0,0.0,190.0
57,California,Fresno,2020.0,366.0,94.0,173.0,59.0,34.0,6.0,0.0,298.0
58,California,Glenn,2020.0,364.0,251.0,84.0,7.0,22.0,0.0,0.0,197.0
59,California,Humboldt,2020.0,366.0,333.0,30.0,3.0,0.0,0.0,0.0,109.0
60,California,Imperial,2020.0,366.0,119.0,219.0,26.0,2.0,0.0,0.0,166.0
61,California,Inyo,2020.0,366.0,172.0,139.0,23.0,19.0,5.0,8.0,684.0
62,California,Kern,2020.0,366.0,78.0,158.0,98.0,30.0,2.0,0.0,267.0
63,California,Kings,2020.0,366.0,98.0,198.0,54.0,15.0,0.0,1.0,543.0
64,California,Lake,2020.0,351.0,341.0,6.0,1.0,3.0,0.0,0.0,180.0
65,California,Los Angeles,2020.0,366.0,60.0,169.0,77.0,44.0,16.0,0.0,235.0
66,California,Madera,2020.0,366.0,137.0,176.0,34.0,17.0,2.0,0.0,250.0
67,California,Marin,2020.0,366.0,311.0,46.0,4.0,4.0,1.0,0.0,206.0
68,California,Mariposa,2020.0,366.0,208.0,110.0,27.0,12.0,4.0,5.0,618.0
69,California,Mendocino,2020.0,366.0,280.0,63.0,10.0,10.0,1.0,2.0,456.0
70,California,Merced,2020.0,366.0,171.0,163.0,17.0,15.0,0.0,0.0,183.0
71,California,Mono,2020.0,366.0,211.0,89.0,13.0,17.0,10.0,26.0,1928.0
72,California,Monterey,2020.0,366.0,299.0,52.0,4.0,9.0,2.0,0.0,250.0
73,California,Napa,2020.0,365.0,298.0,52.0,7.0,8.0,0.0,0.0,199.0
74,California,Nevada,2020.0,366.0,268.0,66.0,15.0,13.0,4.0,0.0,252.0
75,California,Orange,2020.0,366.0,180.0,145.0,28.0,11.0,2.0,0.0,218.0
76,California,Placer,2020.0,366.0,167.0,158.0,20.0,18.0,3.0,0.0,222.0
77,California,Plumas,2020.0,360.0,183.0,127.0,16.0,20.0,10.0,4.0,469.0
78,California,Riverside,2020.0,366.0,53.0,168.0,98.0,36.0,9.0,2.0,576.0
79,California,Sacramento,2020.0,366.0,176.0,154.0,17.0,19.0,0.0,0.0,200.0
80,California,San Benito,2020.0,366.0,301.0,48.0,8.0,9.0,0.0,0.0,168.0
81,California,San Bernardino,2020.0,366.0,50.0,153.0,76.0,69.0,18.0,0.0,236.0
82,California,San Diego,2020.0,366.0,60.0,257.0,35.0,14.0,0.0,0.0,192.0
83,California,San Francisco,2020.0,366.0,277.0,81.0,3.0,5.0,0.0,0.0,198.0
84,California,San Joaquin,2020.0,366.0,192.0,140.0,19.0,15.0,0.0,0.0,195.0
85,California,San Luis Obispo,2020.0,366.0,211.0,124.0,21.0,8.0,2.0,0.0,292.0
86,California,San Mateo,2020.0,366.0,307.0,49.0,5.0,5.0,0.0,0.0,186.0
87,California,Santa Barbara,2020.0,366.0,273.0,80.0,9.0,4.0,0.0,0.0,168.0
88,California,Santa Clara,2020.0,366.0,237.0,109.0,11.0,9.0,0.0,0.0,186.0
89,California,Santa Cruz,2020.0,366.0,304.0,42.0,6.0,10.0,2.0,2.0,426.0
90,California,Shasta,2020.0,366.0,295.0,63.0,6.0,2.0,0.0,0.0,166.0
91,California,Siskiyou,2020.0,366.0,305.0,38.0,10.0,10.0,2.0,1.0,359.0
92,California,Solano,2020.0,366.0,257.0,93.0,9.0,6.0,1.0,0.0,204.0
93,California,Sonoma,2020.0,366.0,319.0,40.0,1.0,6.0,0.0,0.0,187.0
94,California,Stanislaus,2020.0,366.0,156.0,173.0,21.0,16.0,0.0,0.0,189.0
95,California,Sutter,2020.0,366.0,208.0,127.0,15.0,14.0,1.0,1.0,303.0
96,California,Tehama,2020.0,366.0,249.0,84.0,12.0,21.0,0.0,0.0,196.0
97,California,Trinity,2020.0,342.0,255.0,59.0,12.0,16.0,0.0,0.0,193.0
98,California,Tulare,2020.0,366.0,79.0,152.0,103.0,30.0,2.0,0.0,209.0
99,California,Tuolumne,2020.0,353.0,277.0,71.0,5.0,0.0,0.0,0.0,143.0
100,California,Ventura,2020.0,366.0,225.0,115.0,21.0,5.0,0.0,0.0,174.0
101,California,Yolo,2020.0,366.0,255.0,83.0,14.0,14.0,0.0,0.0,192.0
102,Colorado,Adams,2020.0,366.0,222.0,132.0,11.0,1.0,0.0,0.0,151.0
103,Colorado,Alamosa,2020.0,99.0,96.0,3.0,0.0,0.0,0.0,0.0,60.0
104,Colorado,Arapahoe,2020.0,366.0,248.0,107.0,9.0,2.0,0.0,0.0,159.0
105,Colorado,Archuleta,2020.0,365.0,302.0,63.0,0.0,0.0,0.0,0.0,93.0
106,Colorado,Boulder,2020.0,366.0,217.0,128.0,19.0,2.0,0.0,0.0,173.0
107,Colorado,Clear Creek,2020.0,190.0,134.0,50.0,6.0,0.0,0.0,0.0,143.0
108,Colorado,Delta,2020.0,365.0,328.0,37.0,0.0,0.0,0.0,0.0,97.0
109,Colorado,Denver,2020.0,366.0,185.0,164.0,17.0,0.0,0.0,0.0,150.0
110,Colorado,Douglas,2020.0,361.0,237.0,107.0,14.0,3.0,0.0,0.0,159.0
111,Colorado,El Paso,2020.0,366.0,255.0,104.0,6.0,1.0,0.0,0.0,151.0
112,Colorado,Fremont,2020.0,17.0,17.0,0.0,0.0,0.0,0.0,0.0,27.0
113,Colorado,Garfield,2020.0,366.0,255.0,106.0,5.0,0.0,0.0,0.0,122.0
114,Colorado,Gilpin,2020.0,357.0,278.0,70.0,9.0,0.0,0.0,0.0,136.0
115,Colorado,Gunnison,2020.0,333.0,278.0,53.0,2.0,0.0,0.0,0.0,108.0
116,Colorado,Jackson,2020.0,65.0,61.0,4.0,0.0,0.0,0.0,0.0,84.0
117,Colorado,Jefferson,2020.0,366.0,231.0,108.0,23.0,4.0,0.0,0.0,161.0
118,Colorado,La Plata,2020.0,366.0,287.0,78.0,1.0,0.0,0.0,0.0,101.0
119,Colorado,Larimer,2020.0,366.0,222.0,125.0,17.0,2.0,0.0,0.0,157.0
120,Colorado,Mesa,2020.0,366.0,302.0,61.0,3.0,0.0,0.0,0.0,108.0
121,Colorado,Montezuma,2020.0,366.0,301.0,63.0,2.0,0.0,0.0,0.0,126.0
122,Colorado,Pitkin,2020.0,116.0,112.0,4.0,0.0,0.0,0.0,0.0,68.0
123,Colorado,Prowers,2020.0,350.0,327.0,19.0,1.0,2.0,1.0,0.0,238.0
124,Colorado,Pueblo,2020.0,96.0,91.0,5.0,0.0,0.0,0.0,0.0,63.0
125,Colorado,Rio Blanco,2020.0,365.0,311.0,51.0,3.0,0.0,0.0,0.0,115.0
126,Colorado,Routt,2020.0,358.0,353.0,5.0,0.0,0.0,0.0,0.0,68.0
127,Colorado,San Juan,2020.0,99.0,97.0,2.0,0.0,0.0,0.0,0.0,69.0
128,Colorado,San Miguel,2020.0,117.0,114.0,3.0,0.0,0.0,0.0,0.0,54.0
129,Colorado,Weld,2020.0,366.0,219.0,134.0,13.0,0.0,0.0,0.0,140.0
130,Connecticut,Fairfield,2020.0,366.0,256.0,97.0,12.0,1.0,0.0,0.0,161.0
131,Connecticut,Hartford,2020.0,366.0,310.0,56.0,0.0,0.0,0.0,0.0,98.0
132,Connecticut,Litchfield,2020.0,362.0,327.0,35.0,0.0,0.0,0.0,0.0,84.0
133,Connecticut,Middlesex,2020.0,208.0,182.0,24.0,2.0,0.0,0.0,0.0,129.0
134,Connecticut,New Haven,2020.0,366.0,266.0,87.0,11.0,2.0,0.0,0.0,174.0
135,Connecticut,New London,2020.0,365.0,310.0,51.0,3.0,1.0,0.0,0.0,172.0
136,Connecticut,Tolland,2020.0,206.0,192.0,14.0,0.0,0.0,0.0,0.0,93.0
137,Connecticut,Windham,2020.0,356.0,345.0,11.0,0.0,0.0,0.0,0.0,87.0
138,Country Of Mexico,BAJA CALIFORNIA NORTE,2020.0,92.0,1.0,36.0,35.0,20.0,0.0,0.0,176.0
139,Country Of Mexico,SONORA,2020.0,146.0,125.0,20.0,1.0,0.0,0.0,0.0,101.0
140,Delaware,Kent,2020.0,362.0,332.0,30.0,0.0,0.0,0.0,0.0,80.0
141,Delaware,New Castle,2020.0,366.0,300.0,64.0,2.0,0.0,0.0,0.0,105.0
142,Delaware,Sussex,2020.0,366.0,329.0,37.0,0.0,0.0,0.0,0.0,87.0
143,District Of Columbia,District of Columbia,2020.0,366.0,314.0,51.0,0.0,1.0,0.0,0.0,166.0
144,Florida,Alachua,2020.0,366.0,325.0,40.0,1.0,0.0,0.0,0.0,105.0
145,Florida,Baker,2020.0,363.0,331.0,30.0,2.0,0.0,0.0,0.0,140.0
146,Florida,Bay,2020.0,363.0,281.0,80.0,2.0,0.0,0.0,0.0,146.0
147,Florida,Brevard,2020.0,366.0,324.0,42.0,0.0,0.0,0.0,0.0,84.0
148,Florida,Broward,2020.0,366.0,290.0,74.0,2.0,0.0,0.0,0.0,142.0
149,Florida,Citrus,2020.0,360.0,306.0,53.0,1.0,0.0,0.0,0.0,125.0
150,Florida,Collier,2020.0,364.0,316.0,48.0,0.0,0.0,0.0,0.0,85.0
151,Florida,Columbia,2020.0,311.0,255.0,53.0,1.0,2.0,0.0,0.0,158.0
152,Florida,Duval,2020.0,366.0,274.0,89.0,3.0,0.0,0.0,0.0,125.0
153,Florida,Escambia,2020.0,360.0,269.0,91.0,0.0,0.0,0.0,0.0,80.0
154,Florida,Flagler,2020.0,366.0,363.0,3.0,0.0,0.0,0.0,0.0,64.0
155,Florida,Hamilton,2020.0,322.0,287.0,33.0,1.0,1.0,0.0,0.0,154.0
156,Florida,Highlands,2020.0,358.0,345.0,13.0,0.0,0.0,0.0,0.0,74.0
157,Florida,Hillsborough,2020.0,366.0,274.0,89.0,3.0,0.0,0.0,0.0,112.0
158,Florida,Holmes,2020.0,363.0,308.0,52.0,3.0,0.0,0.0,0.0,138.0
159,Florida,Indian River,2020.0,338.0,323.0,15.0,0.0,0.0,0.0,0.0,87.0
160,Florida,Lake,2020.0,366.0,354.0,12.0,0.0,0.0,0.0,0.0,87.0
161,Florida,Lee,2020.0,366.0,330.0,36.0,0.0,0.0,0.0,0.0,100.0
162,Florida,Leon,2020.0,366.0,289.0,74.0,2.0,1.0,0.0,0.0,160.0
163,Florida,Liberty,2020.0,358.0,356.0,2.0,0.0,0.0,0.0,0.0,51.0
164,Florida,Manatee,2020.0,366.0,355.0,11.0,0.0,0.0,0.0,0.0,97.0
165,Florida,Marion,2020.0,366.0,300.0,66.0,0.0,0.0,0.0,0.0,100.0
166,Florida,Martin,2020.0,365.0,320.0,45.0,0.0,0.0,0.0,0.0,95.0
167,Florida,Miami-Dade,2020.0,366.0,297.0,69.0,0.0,0.0,0.0,0.0,90.0
168,Florida,Nassau,2020.0,360.0,348.0,9.0,2.0,1.0,0.0,0.0,157.0
169,Florida,Okaloosa,2020.0,364.0,355.0,9.0,0.0,0.0,0.0,0.0,74.0
170,Florida,Orange,2020.0,366.0,326.0,40.0,0.0,0.0,0.0,0.0,93.0
171,Florida,Osceola,2020.0,366.0,354.0,12.0,0.0,0.0,0.0,0.0,90.0
172,Florida,Palm Beach,2020.0,361.0,309.0,52.0,0.0,0.0,0.0,0.0,92.0
173,Florida,Pasco,2020.0,366.0,355.0,11.0,0.0,0.0,0.0,0.0,77.0
174,Florida,Pinellas,2020.0,366.0,301.0,65.0,0.0,0.0,0.0,0.0,100.0
175,Florida,Polk,2020.0,366.0,312.0,54.0,0.0,0.0,0.0,0.0,87.0
176,Florida,Putnam,2020.0,366.0,365.0,1.0,0.0,0.0,0.0,0.0,67.0
177,Florida,Santa Rosa,2020.0,365.0,295.0,70.0,0.0,0.0,0.0,0.0,84.0
178,Florida,Sarasota,2020.0,366.0,308.0,58.0,0.0,0.0,0.0,0.0,90.0
179,Florida,Seminole,2020.0,365.0,332.0,33.0,0.0,0.0,0.0,0.0,84.0
180,Florida,St. Lucie,2020.0,360.0,351.0,9.0,0.0,0.0,0.0,0.0,74.0
181,Florida,Volusia,2020.0,362.0,327.0,35.0,0.0,0.0,0.0,0.0,77.0
182,Florida,Wakulla,2020.0,363.0,315.0,46.0,0.0,2.0,0.0,0.0,161.0
183,Georgia,Bibb,2020.0,366.0,323.0,43.0,0.0,0.0,0.0,0.0,97.0
184,Georgia,Charlton,2020.0,100.0,95.0,4.0,1.0,0.0,0.0,0.0,139.0
185,Georgia,Chatham,2020.0,366.0,296.0,68.0,2.0,0.0,0.0,0.0,131.0
186,Georgia,Chattooga,2020.0,245.0,244.0,1.0,0.0,0.0,0.0,0.0,58.0
187,Georgia,Clarke,2020.0,366.0,312.0,54.0,0.0,0.0,0.0,0.0,99.0
188,Georgia,Clayton,2020.0,121.0,103.0,18.0,0.0,0.0,0.0,0.0,90.0
189,Georgia,Cobb,2020.0,285.0,263.0,22.0,0.0,0.0,0.0,0.0,90.0
190,Georgia,Coffee,2020.0,120.0,115.0,4.0,1.0,0.0,0.0,0.0,108.0
191,Georgia,Columbia,2020.0,241.0,239.0,2.0,0.0,0.0,0.0,0.0,51.0
192,Georgia,Dawson,2020.0,245.0,239.0,6.0,0.0,0.0,0.0,0.0,74.0
193,Georgia,DeKalb,2020.0,366.0,300.0,65.0,1.0,0.0,0.0,0.0,106.0
194,Georgia,Dougherty,2020.0,365.0,276.0,87.0,2.0,0.0,0.0,0.0,114.0
195,Georgia,Douglas,2020.0,245.0,238.0,7.0,0.0,0.0,0.0,0.0,77.0
196,Georgia,Floyd,2020.0,365.0,322.0,43.0,0.0,0.0,0.0,0.0,80.0
197,Georgia,Fulton,2020.0,366.0,257.0,107.0,2.0,0.0,0.0,0.0,125.0
198,Georgia,Glynn,2020.0,285.0,273.0,12.0,0.0,0.0,0.0,0.0,96.0
199,Georgia,Gwinnett,2020.0,364.0,301.0,62.0,1.0,0.0,0.0,0.0,101.0
200,Georgia,Hall,2020.0,359.0,304.0,55.0,0.0,0.0,0.0,0.0,98.0
201,Georgia,Henry,2020.0,366.0,332.0,34.0,0.0,0.0,0.0,0.0,95.0
202,Georgia,Houston,2020.0,362.0,287.0,74.0,1.0,0.0,0.0,0.0,114.0
203,Georgia,Lowndes,2020.0,202.0,177.0,24.0,1.0,0.0,0.0,0.0,141.0
204,Georgia,Murray,2020.0,257.0,244.0,13.0,0.0,0.0,0.0,0.0,61.0
205,Georgia,Muscogee,2020.0,366.0,317.0,48.0,1.0,0.0,0.0,0.0,101.0
206,Georgia,Pike,2020.0,354.0,351.0,3.0,0.0,0.0,0.0,0.0,64.0
207,Georgia,Richmond,2020.0,366.0,265.0,97.0,4.0,0.0,0.0,0.0,114.0
208,Georgia,Rockdale,2020.0,244.0,232.0,12.0,0.0,0.0,0.0,0.0,77.0
209,Georgia,Sumter,2020.0,240.0,237.0,3.0,0.0,0.0,0.0,0.0,64.0
210,Georgia,Walker,2020.0,177.0,151.0,26.0,0.0,0.0,0.0,0.0,84.0
211,Georgia,Washington,2020.0,353.0,297.0,54.0,2.0,0.0,0.0,0.0,112.0
212,Hawaii,Hawaii,2020.0,366.0,352.0,3.0,2.0,8.0,1.0,0.0,231.0
213,Hawaii,Honolulu,2020.0,366.0,355.0,11.0,0.0,0.0,0.0,0.0,92.0
214,Hawaii,Kauai,2020.0,365.0,365.0,0.0,0.0,0.0,0.0,0.0,41.0
215,Hawaii,Maui,2020.0,346.0,344.0,2.0,0.0,0.0,0.0,0.0,56.0
216,Idaho,Ada,2020.0,366.0,273.0,75.0,11.0,7.0,0.0,0.0,185.0
217,Idaho,Bannock,2020.0,366.0,281.0,78.0,3.0,4.0,0.0,0.0,161.0
218,Idaho,Benewah,2020.0,366.0,272.0,85.0,2.0,4.0,2.0,1.0,371.0
219,Idaho,Blaine,2020.0,365.0,335.0,22.0,6.0,2.0,0.0,0.0,167.0
220,Idaho,Boise,2020.0,366.0,267.0,87.0,6.0,6.0,0.0,0.0,198.0
221,Idaho,Bonner,2020.0,365.0,325.0,30.0,5.0,5.0,0.0,0.0,190.0
222,Idaho,Bonneville,2020.0,362.0,326.0,31.0,1.0,4.0,0.0,0.0,154.0
223,Idaho,Butte,2020.0,364.0,334.0,28.0,1.0,1.0,0.0,0.0,152.0
224,Idaho,Canyon,2020.0,366.0,257.0,93.0,10.0,6.0,0.0,0.0,156.0
225,Idaho,Caribou,2020.0,347.0,341.0,5.0,1.0,0.0,0.0,0.0,109.0
226,Idaho,Custer,2020.0,98.0,88.0,7.0,3.0,0.0,0.0,0.0,126.0
227,Idaho,Franklin,2020.0,365.0,323.0,39.0,2.0,1.0,0.0,0.0,159.0
228,Idaho,Idaho,2020.0,366.0,293.0,64.0,3.0,6.0,0.0,0.0,191.0
229,Idaho,Jerome,2020.0,213.0,213.0,0.0,0.0,0.0,0.0,0.0,37.0
230,Idaho,Kootenai,2020.0,354.0,323.0,23.0,1.0,3.0,3.0,1.0,384.0
231,Idaho,Latah,2020.0,361.0,335.0,19.0,0.0,4.0,2.0,1.0,333.0
232,Idaho,Lemhi,2020.0,365.0,226.0,128.0,8.0,3.0,0.0,0.0,163.0
233,Idaho,Nez Perce,2020.0,366.0,309.0,46.0,4.0,3.0,3.0,1.0,363.0
234,Idaho,Shoshone,2020.0,366.0,275.0,84.0,0.0,3.0,3.0,1.0,346.0
235,Idaho,Twin Falls,2020.0,364.0,330.0,27.0,3.0,4.0,0.0,0.0,160.0
236,Idaho,Valley,2020.0,329.0,248.0,74.0,5.0,2.0,0.0,0.0,192.0
237,Illinois,Adams,2020.0,244.0,220.0,24.0,0.0,0.0,0.0,0.0,84.0
238,Illinois,Champaign,2020.0,366.0,302.0,62.0,2.0,0.0,0.0,0.0,126.0
239,Illinois,Clark,2020.0,363.0,347.0,16.0,0.0,0.0,0.0,0.0,97.0
240,Illinois,Cook,2020.0,366.0,156.0,190.0,16.0,4.0,0.0,0.0,164.0
241,Illinois,DuPage,2020.0,366.0,279.0,83.0,3.0,1.0,0.0,0.0,154.0
242,Illinois,Effingham,2020.0,166.0,156.0,10.0,0.0,0.0,0.0,0.0,84.0
243,Illinois,Hamilton,2020.0,353.0,275.0,77.0,1.0,0.0,0.0,0.0,118.0
244,Illinois,Jersey,2020.0,358.0,307.0,50.0,1.0,0.0,0.0,0.0,112.0
245,Illinois,Jo Daviess,2020.0,353.0,337.0,16.0,0.0,0.0,0.0,0.0,87.0
246,Illinois,Kane,2020.0,279.0,225.0,47.0,6.0,1.0,0.0,0.0,161.0
247,Illinois,La Salle,2020.0,345.0,345.0,0.0,0.0,0.0,0.0,0.0,26.0
248,Illinois,Lake,2020.0,241.0,199.0,31.0,10.0,1.0,0.0,0.0,185.0
249,Illinois,Macon,2020.0,366.0,288.0,78.0,0.0,0.0,0.0,0.0,90.0
250,Illinois,Macoupin,2020.0,365.0,347.0,18.0,0.0,0.0,0.0,0.0,93.0
251,Illinois,Madison,2020.0,366.0,214.0,149.0,3.0,0.0,0.0,0.0,112.0
252,Illinois,McHenry,2020.0,334.0,259.0,66.0,9.0,0.0,0.0,0.0,147.0
253,Illinois,McLean,2020.0,364.0,286.0,75.0,3.0,0.0,0.0,0.0,136.0
254,Illinois,Monroe,2020.0,364.0,364.0,0.0,0.0,0.0,0.0,0.0,43.0
255,Illinois,Peoria,2020.0,364.0,301.0,62.0,1.0,0.0,0.0,0.0,115.0
256,Illinois,Randolph,2020.0,366.0,302.0,62.0,2.0,0.0,0.0,0.0,103.0
257,Illinois,Rock Island,2020.0,355.0,295.0,59.0,1.0,0.0,0.0,0.0,102.0
258,Illinois,Saint Clair,2020.0,365.0,306.0,59.0,0.0,0.0,0.0,0.0,100.0
259,Illinois,Sangamon,2020.0,364.0,312.0,52.0,0.0,0.0,0.0,0.0,97.0
260,Illinois,Tazewell,2020.0,366.0,366.0,0.0,0.0,0.0,0.0,0.0,26.0
261,Illinois,Wabash,2020.0,364.0,359.0,5.0,0.0,0.0,0.0,0.0,74.0
262,Illinois,Will,2020.0,363.0,262.0,97.0,3.0,1.0,0.0,0.0,155.0
263,Illinois,Winnebago,2020.0,366.0,284.0,81.0,1.0,0.0,0.0,0.0,101.0
264,Indiana,Allen,2020.0,366.0,296.0,68.0,2.0,0.0,0.0,0.0,120.0
265,Indiana,Bartholomew,2020.0,366.0,323.0,43.0,0.0,0.0,0.0,0.0,97.0
266,Indiana,Boone,2020.0,352.0,330.0,20.0,2.0,0.0,0.0,0.0,101.0
267,Indiana,Brown,2020.0,364.0,349.0,15.0,0.0,0.0,0.0,0.0,80.0
268,Indiana,Carroll,2020.0,364.0,352.0,12.0,0.0,0.0,0.0,0.0,100.0
269,Indiana,Clark,2020.0,366.0,269.0,97.0,0.0,0.0,0.0,0.0,91.0
270,Indiana,Daviess,2020.0,361.0,361.0,0.0,0.0,0.0,0.0,0.0,19.0
271,Indiana,Delaware,2020.0,365.0,330.0,35.0,0.0,0.0,0.0,0.0,97.0
272,Indiana,Dubois,2020.0,123.0,104.0,19.0,0.0,0.0,0.0,0.0,67.0
273,Indiana,Elkhart,2020.0,366.0,314.0,50.0,0.0,2.0,0.0,0.0,158.0
274,Indiana,Floyd,2020.0,366.0,350.0,15.0,1.0,0.0,0.0,0.0,143.0
275,Indiana,Gibson,2020.0,363.0,348.0,14.0,1.0,0.0,0.0,0.0,114.0
276,Indiana,Greene,2020.0,361.0,328.0,33.0,0.0,0.0,0.0,0.0,90.0
277,Indiana,Hamilton,2020.0,366.0,315.0,51.0,0.0,0.0,0.0,0.0,97.0
278,Indiana,Hendricks,2020.0,366.0,348.0,18.0,0.0,0.0,0.0,0.0,87.0
279,Indiana,Henry,2020.0,118.0,105.0,13.0,0.0,0.0,0.0,0.0,63.0
280,Indiana,Howard,2020.0,366.0,319.0,46.0,1.0,0.0,0.0,0.0,108.0
281,Indiana,Knox,2020.0,351.0,328.0,22.0,1.0,0.0,0.0,0.0,105.0
282,Indiana,LaPorte,2020.0,366.0,310.0,49.0,6.0,1.0,0.0,0.0,154.0
283,Indiana,Lake,2020.0,366.0,241.0,119.0,6.0,0.0,0.0,0.0,136.0
284,Indiana,Madison,2020.0,366.0,305.0,61.0,0.0,0.0,0.0,0.0,97.0
285,Indiana,Marion,2020.0,366.0,196.0,164.0,6.0,0.0,0.0,0.0,144.0
286,Indiana,Monroe,2020.0,357.0,315.0,42.0,0.0,0.0,0.0,0.0,69.0
287,Indiana,Perry,2020.0,366.0,352.0,13.0,1.0,0.0,0.0,0.0,105.0
288,Indiana,Porter,2020.0,366.0,287.0,69.0,9.0,1.0,0.0,0.0,151.0
289,Indiana,Posey,2020.0,355.0,336.0,18.0,1.0,0.0,0.0,0.0,112.0
290,Indiana,Shelby,2020.0,366.0,347.0,18.0,1.0,0.0,0.0,0.0,115.0
291,Indiana,Spencer,2020.0,122.0,106.0,16.0,0.0,0.0,0.0,0.0,63.0
292,Indiana,St. Joseph,2020.0,366.0,272.0,89.0,4.0,1.0,0.0,0.0,162.0
293,Indiana,Sullivan,2020.0,31.0,27.0,4.0,0.0,0.0,0.0,0.0,53.0
294,Indiana,Tippecanoe,2020.0,348.0,255.0,93.0,0.0,0.0,0.0,0.0,69.0
295,Indiana,Vanderburgh,2020.0,366.0,298.0,66.0,2.0,0.0,0.0,0.0,101.0
296,Indiana,Vigo,2020.0,366.0,295.0,70.0,1.0,0.0,0.0,0.0,112.0
297,Indiana,Wabash,2020.0,363.0,337.0,26.0,0.0,0.0,0.0,0.0,97.0
298,Indiana,Warrick,2020.0,366.0,347.0,17.0,2.0,0.0,0.0,0.0,112.0
299,Indiana,Whitley,2020.0,336.0,260.0,76.0,0.0,0.0,0.0,0.0,76.0
300,Iowa,Black Hawk,2020.0,366.0,311.0,55.0,0.0,0.0,0.0,0.0,91.0
301,Iowa,Bremer,2020.0,244.0,232.0,12.0,0.0,0.0,0.0,0.0,87.0
302,Iowa,Cerro Gordo,2020.0,122.0,120.0,2.0,0.0,0.0,0.0,0.0,60.0
303,Iowa,Clinton,2020.0,365.0,297.0,68.0,0.0,0.0,0.0,0.0,87.0
304,Iowa,Harrison,2020.0,242.0,223.0,19.0,0.0,0.0,0.0,0.0,87.0
305,Iowa,Johnson,2020.0,362.0,270.0,91.0,1.0,0.0,0.0,0.0,105.0
306,Iowa,Lee,2020.0,118.0,105.0,13.0,0.0,0.0,0.0,0.0,73.0
307,Iowa,Linn,2020.0,366.0,271.0,94.0,1.0,0.0,0.0,0.0,105.0
308,Iowa,Montgomery,2020.0,366.0,327.0,39.0,0.0,0.0,0.0,0.0,76.0
309,Iowa,Muscatine,2020.0,366.0,309.0,56.0,1.0,0.0,0.0,0.0,124.0
310,Iowa,Palo Alto,2020.0,366.0,327.0,39.0,0.0,0.0,0.0,0.0,87.0
311,Iowa,Polk,2020.0,366.0,308.0,56.0,0.0,2.0,0.0,0.0,186.0
312,Iowa,Pottawattamie,2020.0,124.0,110.0,14.0,0.0,0.0,0.0,0.0,77.0
313,Iowa,Scott,2020.0,366.0,230.0,133.0,2.0,1.0,0.0,0.0,155.0
314,Iowa,Van Buren,2020.0,366.0,337.0,29.0,0.0,0.0,0.0,0.0,87.0
315,Iowa,Woodbury,2020.0,122.0,110.0,12.0,0.0,0.0,0.0,0.0,79.0
316,Kansas,Chase,2020.0,101.0,98.0,3.0,0.0,0.0,0.0,0.0,58.0
317,Kansas,Ford,2020.0,302.0,297.0,5.0,0.0,0.0,0.0,0.0,79.0
318,Kansas,Johnson,2020.0,365.0,308.0,56.0,1.0,0.0,0.0,0.0,117.0
319,Kansas,Leavenworth,2020.0,366.0,356.0,10.0,0.0,0.0,0.0,0.0,77.0
320,Kansas,Neosho,2020.0,366.0,304.0,60.0,2.0,0.0,0.0,0.0,106.0
321,Kansas,Sedgwick,2020.0,366.0,321.0,42.0,3.0,0.0,0.0,0.0,114.0
322,Kansas,Shawnee,2020.0,366.0,296.0,66.0,2.0,2.0,0.0,0.0,169.0
323,Kansas,Sherman,2020.0,303.0,282.0,20.0,1.0,0.0,0.0,0.0,106.0
324,Kansas,Sumner,2020.0,366.0,286.0,77.0,3.0,0.0,0.0,0.0,117.0
325,Kansas,Trego,2020.0,365.0,326.0,38.0,1.0,0.0,0.0,0.0,147.0
326,Kansas,Wyandotte,2020.0,366.0,233.0,128.0,5.0,0.0,0.0,0.0,116.0
327,Kentucky,Bell,2020.0,263.0,256.0,7.0,0.0,0.0,0.0,0.0,71.0
328,Kentucky,Boone,2020.0,242.0,218.0,24.0,0.0,0.0,0.0,0.0,87.0
329,Kentucky,Boyd,2020.0,366.0,324.0,42.0,0.0,0.0,0.0,0.0,88.0
330,Kentucky,Bullitt,2020.0,240.0,224.0,15.0,1.0,0.0,0.0,0.0,115.0
331,Kentucky,Campbell,2020.0,366.0,306.0,60.0,0.0,0.0,0.0,0.0,93.0
332,Kentucky,Carter,2020.0,285.0,283.0,2.0,0.0,0.0,0.0,0.0,59.0
333,Kentucky,Christian,2020.0,320.0,288.0,32.0,0.0,0.0,0.0,0.0,83.0
334,Kentucky,Daviess,2020.0,366.0,308.0,57.0,1.0,0.0,0.0,0.0,105.0
335,Kentucky,Edmonson,2020.0,365.0,357.0,8.0,0.0,0.0,0.0,0.0,64.0
336,Kentucky,Fayette,2020.0,366.0,328.0,38.0,0.0,0.0,0.0,0.0,84.0
337,Kentucky,Greenup,2020.0,365.0,363.0,2.0,0.0,0.0,0.0,0.0,61.0
338,Kentucky,Hancock,2020.0,245.0,233.0,12.0,0.0,0.0,0.0,0.0,97.0
339,Kentucky,Hardin,2020.0,366.0,328.0,38.0,0.0,0.0,0.0,0.0,80.0
340,Kentucky,Henderson,2020.0,364.0,333.0,28.0,3.0,0.0,0.0,0.0,114.0
341,Kentucky,Jefferson,2020.0,366.0,239.0,120.0,7.0,0.0,0.0,0.0,115.0
342,Kentucky,Jessamine,2020.0,364.0,353.0,11.0,0.0,0.0,0.0,0.0,77.0
343,Kentucky,Livingston,2020.0,248.0,235.0,12.0,1.0,0.0,0.0,0.0,105.0
344,Kentucky,McCracken,2020.0,366.0,299.0,66.0,1.0,0.0,0.0,0.0,111.0
345,Kentucky,Morgan,2020.0,365.0,361.0,4.0,0.0,0.0,0.0,0.0,64.0
346,Kentucky,Oldham,2020.0,239.0,218.0,21.0,0.0,0.0,0.0,0.0,97.0
347,Kentucky,Perry,2020.0,364.0,335.0,29.0,0.0,0.0,0.0,0.0,99.0
348,Kentucky,Pike,2020.0,365.0,351.0,14.0,0.0,0.0,0.0,0.0,92.0
349,Kentucky,Pulaski,2020.0,283.0,265.0,18.0,0.0,0.0,0.0,0.0,77.0
350,Kentucky,Simpson,2020.0,221.0,217.0,4.0,0.0,0.0,0.0,0.0,67.0
351,Kentucky,Trigg,2020.0,362.0,350.0,12.0,0.0,0.0,0.0,0.0,84.0
352,Kentucky,Warren,2020.0,366.0,313.0,53.0,0.0,0.0,0.0,0.0,97.0
353,Kentucky,Washington,2020.0,364.0,352.0,12.0,0.0,0.0,0.0,0.0,77.0
354,Louisiana,Ascension,2020.0,364.0,350.0,14.0,0.0,0.0,0.0,0.0,100.0
355,Louisiana,Bossier,2020.0,362.0,312.0,49.0,1.0,0.0,0.0,0.0,105.0
356,Louisiana,Caddo,2020.0,349.0,317.0,31.0,1.0,0.0,0.0,0.0,126.0
357,Louisiana,Calcasieu,2020.0,352.0,259.0,92.0,1.0,0.0,0.0,0.0,116.0
358,Louisiana,East Baton Rouge,2020.0,366.0,305.0,58.0,3.0,0.0,0.0,0.0,119.0
359,Louisiana,Iberville,2020.0,366.0,321.0,42.0,3.0,0.0,0.0,0.0,136.0
360,Louisiana,Jefferson,2020.0,366.0,308.0,58.0,0.0,0.0,0.0,0.0,87.0
361,Louisiana,Lafayette,2020.0,364.0,274.0,89.0,1.0,0.0,0.0,0.0,120.0
362,Louisiana,Lafourche,2020.0,366.0,289.0,76.0,1.0,0.0,0.0,0.0,115.0
363,Louisiana,Livingston,2020.0,355.0,273.0,81.0,1.0,0.0,0.0,0.0,105.0
364,Louisiana,Orleans,2020.0,366.0,333.0,33.0,0.0,0.0,0.0,0.0,88.0
365,Louisiana,Ouachita,2020.0,362.0,343.0,18.0,1.0,0.0,0.0,0.0,111.0
366,Louisiana,Pointe Coupee,2020.0,362.0,343.0,19.0,0.0,0.0,0.0,0.0,100.0
367,Louisiana,Rapides,2020.0,121.0,111.0,9.0,1.0,0.0,0.0,0.0,103.0
368,Louisiana,St. Bernard,2020.0,357.0,291.0,66.0,0.0,0.0,0.0,0.0,91.0
369,Louisiana,St. Charles,2020.0,366.0,349.0,17.0,0.0,0.0,0.0,0.0,77.0
370,Louisiana,St. James,2020.0,366.0,360.0,6.0,0.0,0.0,0.0,0.0,90.0
371,Louisiana,St. John the Baptist,2020.0,351.0,341.0,10.0,0.0,0.0,0.0,0.0,80.0
372,Louisiana,St. Martin,2020.0,358.0,337.0,21.0,0.0,0.0,0.0,0.0,87.0
373,Louisiana,St. Tammany,2020.0,364.0,317.0,47.0,0.0,0.0,0.0,0.0,90.0
374,Louisiana,Tangipahoa,2020.0,121.0,110.0,11.0,0.0,0.0,0.0,0.0,64.0
375,Louisiana,Terrebonne,2020.0,120.0,110.0,10.0,0.0,0.0,0.0,0.0,74.0
376,Louisiana,West Baton Rouge,2020.0,366.0,298.0,65.0,3.0,0.0,0.0,0.0,101.0
377,Maine,Androscoggin,2020.0,360.0,344.0,16.0,0.0,0.0,0.0,0.0,66.0
378,Maine,Aroostook,2020.0,366.0,341.0,24.0,0.0,1.0,0.0,0.0,189.0
379,Maine,Cumberland,2020.0,366.0,320.0,46.0,0.0,0.0,0.0,0.0,97.0
380,Maine,Hancock,2020.0,366.0,339.0,26.0,1.0,0.0,0.0,0.0,105.0
381,Maine,Kennebec,2020.0,230.0,227.0,3.0,0.0,0.0,0.0,0.0,64.0
382,Maine,Knox,2020.0,148.0,142.0,6.0,0.0,0.0,0.0,0.0,71.0
383,Maine,Oxford,2020.0,324.0,313.0,11.0,0.0,0.0,0.0,0.0,65.0
384,Maine,Penobscot,2020.0,362.0,351.0,11.0,0.0,0.0,0.0,0.0,73.0
385,Maine,Washington,2020.0,348.0,346.0,2.0,0.0,0.0,0.0,0.0,61.0
386,Maine,York,2020.0,235.0,223.0,12.0,0.0,0.0,0.0,0.0,87.0
387,Maryland,Allegany,2020.0,156.0,156.0,0.0,0.0,0.0,0.0,0.0,9.0
388,Maryland,Anne Arundel,2020.0,355.0,328.0,25.0,2.0,0.0,0.0,0.0,108.0
389,Maryland,Baltimore,2020.0,365.0,306.0,57.0,2.0,0.0,0.0,0.0,105.0
390,Maryland,Baltimore (City),2020.0,363.0,326.0,37.0,0.0,0.0,0.0,0.0,97.0
391,Maryland,Calvert,2020.0,238.0,235.0,3.0,0.0,0.0,0.0,0.0,67.0
392,Maryland,Carroll,2020.0,242.0,225.0,17.0,0.0,0.0,0.0,0.0,84.0
393,Maryland,Cecil,2020.0,357.0,329.0,28.0,0.0,0.0,0.0,0.0,97.0
394,Maryland,Charles,2020.0,236.0,235.0,1.0,0.0,0.0,0.0,0.0,58.0
395,Maryland,Dorchester,2020.0,365.0,351.0,14.0,0.0,0.0,0.0,0.0,84.0
396,Maryland,Frederick,2020.0,237.0,217.0,20.0,0.0,0.0,0.0,0.0,90.0
397,Maryland,Garrett,2020.0,365.0,355.0,10.0,0.0,0.0,0.0,0.0,71.0
398,Maryland,Harford,2020.0,357.0,308.0,48.0,1.0,0.0,0.0,0.0,119.0
399,Maryland,Howard,2020.0,364.0,348.0,16.0,0.0,0.0,0.0,0.0,68.0
400,Maryland,Kent,2020.0,359.0,346.0,13.0,0.0,0.0,0.0,0.0,100.0
401,Maryland,Montgomery,2020.0,355.0,333.0,22.0,0.0,0.0,0.0,0.0,77.0
402,Maryland,Prince George's,2020.0,366.0,333.0,32.0,1.0,0.0,0.0,0.0,105.0
403,Maryland,Washington,2020.0,359.0,319.0,40.0,0.0,0.0,0.0,0.0,81.0
404,Massachusetts,Barnstable,2020.0,350.0,339.0,9.0,2.0,0.0,0.0,0.0,108.0
405,Massachusetts,Berkshire,2020.0,366.0,327.0,39.0,0.0,0.0,0.0,0.0,94.0
406,Massachusetts,Bristol,2020.0,366.0,315.0,48.0,3.0,0.0,0.0,0.0,119.0
407,Massachusetts,Dukes,2020.0,355.0,345.0,9.0,1.0,0.0,0.0,0.0,126.0
408,Massachusetts,Essex,2020.0,366.0,330.0,36.0,0.0,0.0,0.0,0.0,97.0
409,Massachusetts,Franklin,2020.0,365.0,315.0,50.0,0.0,0.0,0.0,0.0,96.0
410,Massachusetts,Hampden,2020.0,366.0,313.0,53.0,0.0,0.0,0.0,0.0,99.0
411,Massachusetts,Hampshire,2020.0,366.0,341.0,25.0,0.0,0.0,0.0,0.0,84.0
412,Massachusetts,Middlesex,2020.0,366.0,340.0,26.0,0.0,0.0,0.0,0.0,93.0
413,Massachusetts,Norfolk,2020.0,366.0,352.0,14.0,0.0,0.0,0.0,0.0,71.0
414,Massachusetts,Plymouth,2020.0,366.0,328.0,38.0,0.0,0.0,0.0,0.0,80.0
415,Massachusetts,Suffolk,2020.0,366.0,326.0,40.0,0.0,0.0,0.0,0.0,84.0
416,Massachusetts,Worcester,2020.0,366.0,319.0,47.0,0.0,0.0,0.0,0.0,90.0
417,Michigan,Allegan,2020.0,359.0,311.0,42.0,6.0,0.0,0.0,0.0,136.0
418,Michigan,Bay,2020.0,365.0,350.0,15.0,0.0,0.0,0.0,0.0,74.0
419,Michigan,Benzie,2020.0,262.0,244.0,16.0,1.0,1.0,0.0,0.0,164.0
420,Michigan,Berrien,2020.0,258.0,217.0,34.0,7.0,0.0,0.0,0.0,150.0
421,Michigan,Cass,2020.0,253.0,212.0,36.0,5.0,0.0,0.0,0.0,122.0
422,Michigan,Clinton,2020.0,256.0,244.0,12.0,0.0,0.0,0.0,0.0,93.0
423,Michigan,Genesee,2020.0,366.0,322.0,43.0,1.0,0.0,0.0,0.0,126.0
424,Michigan,Huron,2020.0,266.0,246.0,13.0,7.0,0.0,0.0,0.0,150.0
425,Michigan,Ingham,2020.0,366.0,329.0,36.0,0.0,1.0,0.0,0.0,151.0
426,Michigan,Kalamazoo,2020.0,323.0,269.0,48.0,6.0,0.0,0.0,0.0,115.0
427,Michigan,Kent,2020.0,366.0,303.0,55.0,7.0,1.0,0.0,0.0,153.0
428,Michigan,Keweenaw,2020.0,97.0,97.0,0.0,0.0,0.0,0.0,0.0,35.0
429,Michigan,Lenawee,2020.0,366.0,296.0,68.0,2.0,0.0,0.0,0.0,122.0
430,Michigan,Macomb,2020.0,299.0,258.0,29.0,12.0,0.0,0.0,0.0,126.0
431,Michigan,Manistee,2020.0,139.0,133.0,6.0,0.0,0.0,0.0,0.0,80.0
432,Michigan,Mason,2020.0,251.0,229.0,20.0,1.0,1.0,0.0,0.0,159.0
433,Michigan,Missaukee,2020.0,365.0,320.0,44.0,1.0,0.0,0.0,0.0,105.0
434,Michigan,Monroe,2020.0,366.0,363.0,3.0,0.0,0.0,0.0,0.0,66.0
435,Michigan,Muskegon,2020.0,248.0,210.0,32.0,6.0,0.0,0.0,0.0,143.0
436,Michigan,Oakland,2020.0,298.0,254.0,38.0,6.0,0.0,0.0,0.0,126.0
437,Michigan,Ottawa,2020.0,366.0,316.0,44.0,6.0,0.0,0.0,0.0,150.0
438,Michigan,Schoolcraft,2020.0,347.0,331.0,13.0,3.0,0.0,0.0,0.0,133.0
439,Michigan,St. Clair,2020.0,366.0,295.0,66.0,5.0,0.0,0.0,0.0,114.0
440,Michigan,Tuscola,2020.0,343.0,330.0,11.0,2.0,0.0,0.0,0.0,101.0
441,Michigan,Washtenaw,2020.0,366.0,292.0,68.0,5.0,1.0,0.0,0.0,157.0
442,Michigan,Wayne,2020.0,366.0,201.0,155.0,8.0,2.0,0.0,0.0,179.0
443,Michigan,Wexford,2020.0,356.0,341.0,15.0,0.0,0.0,0.0,0.0,100.0
444,Minnesota,Anoka,2020.0,366.0,325.0,41.0,0.0,0.0,0.0,0.0,87.0
445,Minnesota,Becker,2020.0,366.0,343.0,22.0,1.0,0.0,0.0,0.0,101.0
446,Minnesota,Beltrami,2020.0,359.0,348.0,11.0,0.0,0.0,0.0,0.0,73.0
447,Minnesota,Carlton,2020.0,354.0,351.0,3.0,0.0,0.0,0.0,0.0,84.0
448,Minnesota,Cass,2020.0,346.0,335.0,11.0,0.0,0.0,0.0,0.0,75.0
449,Minnesota,Cook,2020.0,345.0,343.0,2.0,0.0,0.0,0.0,0.0,53.0
450,Minnesota,Crow Wing,2020.0,359.0,348.0,11.0,0.0,0.0,0.0,0.0,76.0
451,Minnesota,Dakota,2020.0,366.0,323.0,42.0,1.0,0.0,0.0,0.0,135.0
452,Minnesota,Goodhue,2020.0,210.0,201.0,9.0,0.0,0.0,0.0,0.0,87.0
453,Minnesota,Hennepin,2020.0,366.0,274.0,90.0,1.0,1.0,0.0,0.0,156.0
454,Minnesota,Lake,2020.0,365.0,357.0,8.0,0.0,0.0,0.0,0.0,71.0
455,Minnesota,Lyon,2020.0,360.0,330.0,30.0,0.0,0.0,0.0,0.0,80.0
456,Minnesota,Mille Lacs,2020.0,245.0,240.0,5.0,0.0,0.0,0.0,0.0,87.0
457,Minnesota,Olmsted,2020.0,366.0,325.0,40.0,1.0,0.0,0.0,0.0,111.0
458,Minnesota,Ramsey,2020.0,366.0,318.0,47.0,0.0,1.0,0.0,0.0,160.0
459,Minnesota,Saint Louis,2020.0,366.0,334.0,31.0,1.0,0.0,0.0,0.0,104.0
460,Minnesota,Scott,2020.0,365.0,335.0,29.0,1.0,0.0,0.0,0.0,121.0
461,Minnesota,Stearns,2020.0,366.0,336.0,30.0,0.0,0.0,0.0,0.0,80.0
462,Minnesota,Washington,2020.0,366.0,361.0,5.0,0.0,0.0,0.0,0.0,77.0
463,Minnesota,Winona,2020.0,99.0,98.0,1.0,0.0,0.0,0.0,0.0,52.0
464,Minnesota,Wright,2020.0,357.0,321.0,35.0,1.0,0.0,0.0,0.0,112.0
465,Mississippi,Bolivar,2020.0,363.0,295.0,68.0,0.0,0.0,0.0,0.0,85.0
466,Mississippi,DeSoto,2020.0,365.0,309.0,56.0,0.0,0.0,0.0,0.0,100.0
467,Mississippi,Forrest,2020.0,361.0,274.0,87.0,0.0,0.0,0.0,0.0,97.0
468,Mississippi,Hancock,2020.0,351.0,288.0,63.0,0.0,0.0,0.0,0.0,88.0
469,Mississippi,Harrison,2020.0,352.0,263.0,88.0,1.0,0.0,0.0,0.0,101.0
470,Mississippi,Hinds,2020.0,366.0,249.0,116.0,1.0,0.0,0.0,0.0,114.0
471,Mississippi,Jackson,2020.0,356.0,291.0,65.0,0.0,0.0,0.0,0.0,84.0
472,Mississippi,Lauderdale,2020.0,252.0,252.0,0.0,0.0,0.0,0.0,0.0,50.0
473,Mississippi,Lee,2020.0,243.0,242.0,1.0,0.0,0.0,0.0,0.0,54.0
474,Mississippi,Yalobusha,2020.0,348.0,345.0,3.0,0.0,0.0,0.0,0.0,51.0
475,Missouri,Andrew,2020.0,245.0,225.0,20.0,0.0,0.0,0.0,0.0,77.0
476,Missouri,Boone,2020.0,244.0,235.0,9.0,0.0,0.0,0.0,0.0,93.0
477,Missouri,Buchanan,2020.0,365.0,304.0,60.0,1.0,0.0,0.0,0.0,126.0
478,Missouri,Callaway,2020.0,245.0,234.0,11.0,0.0,0.0,0.0,0.0,87.0
479,Missouri,Cass,2020.0,362.0,333.0,27.0,2.0,0.0,0.0,0.0,105.0
480,Missouri,Cedar,2020.0,352.0,320.0,32.0,0.0,0.0,0.0,0.0,99.0
481,Missouri,Clay,2020.0,364.0,313.0,50.0,1.0,0.0,0.0,0.0,101.0
482,Missouri,Clinton,2020.0,245.0,226.0,19.0,0.0,0.0,0.0,0.0,87.0
483,Missouri,Franklin,2020.0,366.0,362.0,4.0,0.0,0.0,0.0,0.0,94.0
484,Missouri,Greene,2020.0,364.0,320.0,43.0,1.0,0.0,0.0,0.0,116.0
485,Missouri,Iron,2020.0,366.0,338.0,28.0,0.0,0.0,0.0,0.0,100.0
486,Missouri,Jackson,2020.0,366.0,253.0,110.0,2.0,1.0,0.0,0.0,157.0
487,Missouri,Jasper,2020.0,366.0,320.0,46.0,0.0,0.0,0.0,0.0,82.0
488,Missouri,Jefferson,2020.0,366.0,320.0,44.0,2.0,0.0,0.0,0.0,141.0
489,Missouri,Lincoln,2020.0,245.0,228.0,16.0,1.0,0.0,0.0,0.0,108.0
490,Missouri,Monroe,2020.0,366.0,360.0,6.0,0.0,0.0,0.0,0.0,84.0
491,Missouri,New Madrid,2020.0,366.0,59.0,74.0,154.0,79.0,0.0,0.0,200.0
492,Missouri,Perry,2020.0,245.0,231.0,14.0,0.0,0.0,0.0,0.0,97.0
493,Missouri,Saint Charles,2020.0,366.0,335.0,27.0,4.0,0.0,0.0,0.0,112.0
494,Missouri,Saint Louis,2020.0,366.0,287.0,73.0,6.0,0.0,0.0,0.0,144.0
495,Missouri,Sainte Genevieve,2020.0,245.0,229.0,16.0,0.0,0.0,0.0,0.0,87.0
496,Missouri,St. Louis City,2020.0,366.0,224.0,137.0,4.0,1.0,0.0,0.0,155.0
497,Missouri,Stoddard,2020.0,43.0,40.0,3.0,0.0,0.0,0.0,0.0,62.0
498,Missouri,Taney,2020.0,102.0,100.0,2.0,0.0,0.0,0.0,0.0,57.0
499,Montana,Cascade,2020.0,359.0,338.0,18.0,3.0,0.0,0.0,0.0,115.0
500,Montana,Fergus,2020.0,366.0,342.0,21.0,1.0,2.0,0.0,0.0,157.0
501,Montana,Flathead,2020.0,366.0,317.0,41.0,3.0,5.0,0.0,0.0,190.0
502,Montana,Gallatin,2020.0,366.0,327.0,28.0,9.0,2.0,0.0,0.0,159.0
503,Montana,Lake,2020.0,98.0,94.0,1.0,1.0,2.0,0.0,0.0,174.0
504,Montana,Lewis and Clark,2020.0,366.0,311.0,50.0,1.0,4.0,0.0,0.0,164.0
505,Montana,Lincoln,2020.0,366.0,217.0,140.0,2.0,4.0,2.0,1.0,327.0
506,Montana,Missoula,2020.0,366.0,210.0,137.0,13.0,6.0,0.0,0.0,176.0
507,Montana,Phillips,2020.0,366.0,306.0,58.0,2.0,0.0,0.0,0.0,140.0
508,Montana,Powder River,2020.0,350.0,276.0,69.0,3.0,2.0,0.0,0.0,157.0
509,Montana,Powell,2020.0,25.0,25.0,0.0,0.0,0.0,0.0,0.0,11.0
510,Montana,Ravalli,2020.0,360.0,318.0,34.0,3.0,5.0,0.0,0.0,176.0
511,Montana,Richland,2020.0,366.0,354.0,12.0,0.0,0.0,0.0,0.0,68.0
512,Montana,Roosevelt,2020.0,60.0,58.0,2.0,0.0,0.0,0.0,0.0,55.0
513,Montana,Rosebud,2020.0,346.0,316.0,25.0,3.0,2.0,0.0,0.0,153.0
514,Montana,Sanders,2020.0,366.0,328.0,30.0,1.0,5.0,2.0,0.0,236.0
515,Montana,Sheridan,2020.0,88.0,86.0,2.0,0.0,0.0,0.0,0.0,53.0
516,Montana,Silver Bow,2020.0,366.0,317.0,41.0,5.0,3.0,0.0,0.0,173.0
517,Montana,Yellowstone,2020.0,366.0,331.0,32.0,2.0,1.0,0.0,0.0,160.0
518,Nebraska,Cass,2020.0,358.0,346.0,12.0,0.0,0.0,0.0,0.0,71.0
519,Nebraska,Douglas,2020.0,366.0,317.0,47.0,1.0,1.0,0.0,0.0,156.0
520,Nebraska,Hall,2020.0,338.0,314.0,24.0,0.0,0.0,0.0,0.0,85.0
521,Nebraska,Knox,2020.0,365.0,341.0,24.0,0.0,0.0,0.0,0.0,84.0
522,Nebraska,Lancaster,2020.0,366.0,354.0,12.0,0.0,0.0,0.0,0.0,74.0
523,Nebraska,Sarpy,2020.0,316.0,279.0,35.0,2.0,0.0,0.0,0.0,149.0
524,Nebraska,Scotts Bluff,2020.0,278.0,224.0,52.0,2.0,0.0,0.0,0.0,122.0
525,Nebraska,Thomas,2020.0,97.0,92.0,5.0,0.0,0.0,0.0,0.0,71.0
526,Nebraska,Washington,2020.0,110.0,104.0,6.0,0.0,0.0,0.0,0.0,72.0
527,Nevada,Carson City,2020.0,366.0,302.0,44.0,12.0,8.0,0.0,0.0,192.0
528,Nevada,Churchill,2020.0,363.0,336.0,25.0,2.0,0.0,0.0,0.0,147.0
529,Nevada,Clark,2020.0,366.0,108.0,233.0,22.0,3.0,0.0,0.0,174.0
530,Nevada,Douglas,2020.0,366.0,311.0,38.0,6.0,9.0,2.0,0.0,249.0
531,Nevada,Elko,2020.0,363.0,333.0,28.0,1.0,1.0,0.0,0.0,154.0
532,Nevada,Lyon,2020.0,356.0,308.0,39.0,5.0,3.0,0.0,1.0,331.0
533,Nevada,Nye,2020.0,366.0,343.0,20.0,1.0,2.0,0.0,0.0,200.0
534,Nevada,Washoe,2020.0,366.0,239.0,103.0,11.0,11.0,2.0,0.0,240.0
535,Nevada,White Pine,2020.0,361.0,294.0,64.0,3.0,0.0,0.0,0.0,136.0
536,New Hampshire,Belknap,2020.0,359.0,353.0,6.0,0.0,0.0,0.0,0.0,61.0
537,New Hampshire,Cheshire,2020.0,366.0,339.0,27.0,0.0,0.0,0.0,0.0,75.0
538,New Hampshire,Coos,2020.0,366.0,339.0,27.0,0.0,0.0,0.0,0.0,74.0
539,New Hampshire,Grafton,2020.0,366.0,355.0,11.0,0.0,0.0,0.0,0.0,66.0
540,New Hampshire,Hillsborough,2020.0,366.0,358.0,8.0,0.0,0.0,0.0,0.0,90.0
541,New Hampshire,Merrimack,2020.0,366.0,362.0,4.0,0.0,0.0,0.0,0.0,74.0
542,New Hampshire,Rockingham,2020.0,366.0,328.0,38.0,0.0,0.0,0.0,0.0,90.0
543,New Jersey,Atlantic,2020.0,363.0,334.0,29.0,0.0,0.0,0.0,0.0,90.0
544,New Jersey,Bergen,2020.0,364.0,292.0,69.0,3.0,0.0,0.0,0.0,119.0
545,New Jersey,Camden,2020.0,366.0,292.0,74.0,0.0,0.0,0.0,0.0,87.0
546,New Jersey,Cumberland,2020.0,365.0,319.0,46.0,0.0,0.0,0.0,0.0,71.0
547,New Jersey,Essex,2020.0,366.0,294.0,71.0,1.0,0.0,0.0,0.0,127.0
548,New Jersey,Gloucester,2020.0,253.0,231.0,21.0,1.0,0.0,0.0,0.0,101.0
549,New Jersey,Hudson,2020.0,366.0,307.0,59.0,0.0,0.0,0.0,0.0,90.0
550,New Jersey,Hunterdon,2020.0,364.0,320.0,44.0,0.0,0.0,0.0,0.0,85.0
551,New Jersey,Mercer,2020.0,366.0,311.0,52.0,3.0,0.0,0.0,0.0,112.0
552,New Jersey,Middlesex,2020.0,366.0,313.0,52.0,1.0,0.0,0.0,0.0,112.0
553,New Jersey,Monmouth,2020.0,226.0,209.0,17.0,0.0,0.0,0.0,0.0,93.0
554,New Jersey,Morris,2020.0,366.0,347.0,19.0,0.0,0.0,0.0,0.0,84.0
555,New Jersey,Ocean,2020.0,356.0,327.0,29.0,0.0,0.0,0.0,0.0,84.0
556,New Jersey,Passaic,2020.0,262.0,247.0,15.0,0.0,0.0,0.0,0.0,100.0
557,New Jersey,Union,2020.0,366.0,291.0,74.0,1.0,0.0,0.0,0.0,111.0
558,New Jersey,Warren,2020.0,365.0,331.0,34.0,0.0,0.0,0.0,0.0,100.0
559,New Mexico,Bernalillo,2020.0,366.0,135.0,222.0,7.0,1.0,1.0,0.0,214.0
560,New Mexico,Catron,2020.0,95.0,91.0,4.0,0.0,0.0,0.0,0.0,79.0
561,New Mexico,Chaves,2020.0,99.0,96.0,3.0,0.0,0.0,0.0,0.0,75.0
562,New Mexico,Dona Ana,2020.0,366.0,168.0,177.0,15.0,3.0,1.0,2.0,400.0
563,New Mexico,Eddy,2020.0,364.0,248.0,105.0,11.0,0.0,0.0,0.0,115.0
564,New Mexico,Lea,2020.0,366.0,334.0,32.0,0.0,0.0,0.0,0.0,76.0
565,New Mexico,Lincoln,2020.0,97.0,96.0,1.0,0.0,0.0,0.0,0.0,51.0
566,New Mexico,Los Alamos,2020.0,101.0,100.0,1.0,0.0,0.0,0.0,0.0,53.0
567,New Mexico,Luna,2020.0,354.0,335.0,18.0,0.0,0.0,0.0,1.0,360.0
568,New Mexico,Rio Arriba,2020.0,362.0,314.0,48.0,0.0,0.0,0.0,0.0,90.0
569,New Mexico,San Juan,2020.0,366.0,265.0,96.0,5.0,0.0,0.0,0.0,109.0
570,New Mexico,Sandoval,2020.0,358.0,271.0,82.0,5.0,0.0,0.0,0.0,119.0
571,New Mexico,Santa Fe,2020.0,366.0,297.0,68.0,1.0,0.0,0.0,0.0,101.0
572,New Mexico,Socorro,2020.0,91.0,91.0,0.0,0.0,0.0,0.0,0.0,49.0
573,New Mexico,Taos,2020.0,360.0,337.0,23.0,0.0,0.0,0.0,0.0,64.0
574,New Mexico,Valencia,2020.0,359.0,283.0,74.0,2.0,0.0,0.0,0.0,105.0
575,New York,Albany,2020.0,366.0,307.0,56.0,3.0,0.0,0.0,0.0,143.0
576,New York,Bronx,2020.0,366.0,291.0,74.0,1.0,0.0,0.0,0.0,108.0
577,New York,Chautauqua,2020.0,363.0,338.0,25.0,0.0,0.0,0.0,0.0,93.0
578,New York,Dutchess,2020.0,365.0,356.0,9.0,0.0,0.0,0.0,0.0,87.0
579,New York,Erie,2020.0,366.0,317.0,47.0,0.0,2.0,0.0,0.0,155.0
580,New York,Essex,2020.0,366.0,351.0,15.0,0.0,0.0,0.0,0.0,80.0
581,New York,Hamilton,2020.0,361.0,358.0,3.0,0.0,0.0,0.0,0.0,54.0
582,New York,Jefferson,2020.0,360.0,345.0,15.0,0.0,0.0,0.0,0.0,90.0
583,New York,Kings,2020.0,365.0,338.0,27.0,0.0,0.0,0.0,0.0,77.0
584,New York,Monroe,2020.0,366.0,323.0,43.0,0.0,0.0,0.0,0.0,80.0
585,New York,Nassau,2020.0,364.0,347.0,17.0,0.0,0.0,0.0,0.0,72.0
586,New York,New York,2020.0,366.0,311.0,54.0,1.0,0.0,0.0,0.0,108.0
587,New York,Niagara,2020.0,359.0,340.0,19.0,0.0,0.0,0.0,0.0,87.0
588,New York,Oneida,2020.0,349.0,334.0,15.0,0.0,0.0,0.0,0.0,78.0
589,New York,Onondaga,2020.0,364.0,336.0,28.0,0.0,0.0,0.0,0.0,74.0
590,New York,Orange,2020.0,366.0,342.0,24.0,0.0,0.0,0.0,0.0,97.0
591,New York,Oswego,2020.0,359.0,349.0,10.0,0.0,0.0,0.0,0.0,58.0
592,New York,Putnam,2020.0,356.0,350.0,6.0,0.0,0.0,0.0,0.0,64.0
593,New York,Queens,2020.0,366.0,298.0,65.0,3.0,0.0,0.0,0.0,140.0
594,New York,Richmond,2020.0,364.0,319.0,43.0,2.0,0.0,0.0,0.0,108.0
595,New York,Rockland,2020.0,366.0,340.0,26.0,0.0,0.0,0.0,0.0,93.0
596,New York,Saratoga,2020.0,319.0,315.0,4.0,0.0,0.0,0.0,0.0,61.0
597,New York,St. Lawrence,2020.0,365.0,295.0,56.0,14.0,0.0,0.0,0.0,118.0
598,New York,Steuben,2020.0,365.0,356.0,9.0,0.0,0.0,0.0,0.0,79.0
599,New York,Suffolk,2020.0,366.0,309.0,51.0,6.0,0.0,0.0,0.0,133.0
600,New York,Tompkins,2020.0,364.0,359.0,5.0,0.0,0.0,0.0,0.0,64.0
601,New York,Wayne,2020.0,327.0,305.0,22.0,0.0,0.0,0.0,0.0,80.0
602,New York,Westchester,2020.0,363.0,327.0,35.0,1.0,0.0,0.0,0.0,105.0
603,North Carolina,Alexander,2020.0,300.0,297.0,3.0,0.0,0.0,0.0,0.0,54.0
604,North Carolina,Avery,2020.0,366.0,352.0,14.0,0.0,0.0,0.0,0.0,80.0
605,North Carolina,Beaufort,2020.0,351.0,351.0,0.0,0.0,0.0,0.0,0.0,34.0
606,North Carolina,Brunswick,2020.0,333.0,320.0,13.0,0.0,0.0,0.0,0.0,100.0
607,North Carolina,Buncombe,2020.0,366.0,356.0,10.0,0.0,0.0,0.0,0.0,97.0
608,North Carolina,Caldwell,2020.0,302.0,302.0,0.0,0.0,0.0,0.0,0.0,50.0
609,North Carolina,Carteret,2020.0,362.0,359.0,3.0,0.0,0.0,0.0,0.0,61.0
610,North Carolina,Caswell,2020.0,354.0,349.0,5.0,0.0,0.0,0.0,0.0,61.0
611,North Carolina,Catawba,2020.0,357.0,312.0,45.0,0.0,0.0,0.0,0.0,94.0
612,North Carolina,Cumberland,2020.0,363.0,329.0,34.0,0.0,0.0,0.0,0.0,81.0
613,North Carolina,Davidson,2020.0,329.0,265.0,64.0,0.0,0.0,0.0,0.0,95.0
614,North Carolina,Durham,2020.0,365.0,335.0,30.0,0.0,0.0,0.0,0.0,97.0
615,North Carolina,Edgecombe,2020.0,336.0,319.0,17.0,0.0,0.0,0.0,0.0,94.0
616,North Carolina,Forsyth,2020.0,366.0,298.0,68.0,0.0,0.0,0.0,0.0,97.0
617,North Carolina,Graham,2020.0,238.0,223.0,15.0,0.0,0.0,0.0,0.0,97.0
618,North Carolina,Granville,2020.0,238.0,237.0,1.0,0.0,0.0,0.0,0.0,51.0
619,North Carolina,Guilford,2020.0,365.0,335.0,30.0,0.0,0.0,0.0,0.0,87.0
620,North Carolina,Haywood,2020.0,366.0,337.0,29.0,0.0,0.0,0.0,0.0,93.0
621,North Carolina,Hyde,2020.0,94.0,92.0,2.0,0.0,0.0,0.0,0.0,53.0
622,North Carolina,Jackson,2020.0,113.0,109.0,4.0,0.0,0.0,0.0,0.0,68.0
623,North Carolina,Johnston,2020.0,339.0,318.0,21.0,0.0,0.0,0.0,0.0,72.0
624,North Carolina,Lenoir,2020.0,296.0,290.0,6.0,0.0,0.0,0.0,0.0,58.0
625,North Carolina,Lincoln,2020.0,243.0,241.0,2.0,0.0,0.0,0.0,0.0,71.0
626,North Carolina,Macon,2020.0,360.0,358.0,2.0,0.0,0.0,0.0,0.0,64.0
627,North Carolina,Martin,2020.0,302.0,302.0,0.0,0.0,0.0,0.0,0.0,49.0
628,North Carolina,Mecklenburg,2020.0,366.0,296.0,68.0,2.0,0.0,0.0,0.0,112.0
629,North Carolina,Mitchell,2020.0,356.0,347.0,8.0,1.0,0.0,0.0,0.0,103.0
630,North Carolina,Montgomery,2020.0,366.0,342.0,24.0,0.0,0.0,0.0,0.0,83.0
631,North Carolina,New Hanover,2020.0,357.0,344.0,13.0,0.0,0.0,0.0,0.0,74.0
632,North Carolina,Northampton,2020.0,360.0,346.0,14.0,0.0,0.0,0.0,0.0,88.0
633,North Carolina,Person,2020.0,364.0,359.0,5.0,0.0,0.0,0.0,0.0,74.0
634,North Carolina,Pitt,2020.0,361.0,344.0,17.0,0.0,0.0,0.0,0.0,95.0
635,North Carolina,Rockingham,2020.0,304.0,299.0,5.0,0.0,0.0,0.0,0.0,54.0
636,North Carolina,Rowan,2020.0,365.0,318.0,47.0,0.0,0.0,0.0,0.0,88.0
637,North Carolina,Swain,2020.0,362.0,340.0,21.0,1.0,0.0,0.0,0.0,119.0
638,North Carolina,Union,2020.0,242.0,242.0,0.0,0.0,0.0,0.0,0.0,50.0
639,North Carolina,Wake,2020.0,365.0,284.0,80.0,1.0,0.0,0.0,0.0,101.0
640,North Carolina,Yancey,2020.0,244.0,204.0,39.0,1.0,0.0,0.0,0.0,105.0
641,North Dakota,Billings,2020.0,366.0,359.0,7.0,0.0,0.0,0.0,0.0,61.0
642,North Dakota,Burke,2020.0,366.0,353.0,13.0,0.0,0.0,0.0,0.0,69.0
643,North Dakota,Burleigh,2020.0,366.0,336.0,30.0,0.0,0.0,0.0,0.0,74.0
644,North Dakota,Cass,2020.0,363.0,336.0,27.0,0.0,0.0,0.0,0.0,80.0
645,North Dakota,Dunn,2020.0,366.0,360.0,6.0,0.0,0.0,0.0,0.0,58.0
646,North Dakota,McKenzie,2020.0,363.0,357.0,6.0,0.0,0.0,0.0,0.0,62.0
647,North Dakota,Mercer,2020.0,366.0,351.0,14.0,1.0,0.0,0.0,0.0,120.0
648,North Dakota,Oliver,2020.0,366.0,350.0,16.0,0.0,0.0,0.0,0.0,74.0
649,North Dakota,Ward,2020.0,366.0,357.0,9.0,0.0,0.0,0.0,0.0,69.0
650,North Dakota,Williams,2020.0,366.0,366.0,0.0,0.0,0.0,0.0,0.0,26.0
651,Ohio,Adams,2020.0,333.0,314.0,19.0,0.0,0.0,0.0,0.0,81.0
652,Ohio,Allen,2020.0,360.0,318.0,41.0,1.0,0.0,0.0,0.0,105.0
653,Ohio,Ashtabula,2020.0,364.0,347.0,17.0,0.0,0.0,0.0,0.0,93.0
654,Ohio,Athens,2020.0,86.0,83.0,3.0,0.0,0.0,0.0,0.0,61.0
655,Ohio,Belmont,2020.0,366.0,357.0,9.0,0.0,0.0,0.0,0.0,66.0
656,Ohio,Butler,2020.0,366.0,298.0,64.0,4.0,0.0,0.0,0.0,126.0
657,Ohio,Clark,2020.0,365.0,296.0,68.0,1.0,0.0,0.0,0.0,108.0
658,Ohio,Clermont,2020.0,361.0,325.0,36.0,0.0,0.0,0.0,0.0,100.0
659,Ohio,Clinton,2020.0,229.0,205.0,24.0,0.0,0.0,0.0,0.0,97.0
660,Ohio,Columbiana,2020.0,364.0,364.0,0.0,0.0,0.0,0.0,0.0,31.0
661,Ohio,Cuyahoga,2020.0,366.0,223.0,133.0,9.0,1.0,0.0,0.0,152.0
662,Ohio,Delaware,2020.0,244.0,222.0,21.0,1.0,0.0,0.0,0.0,101.0
663,Ohio,Fayette,2020.0,341.0,318.0,23.0,0.0,0.0,0.0,0.0,80.0
664,Ohio,Franklin,2020.0,366.0,296.0,68.0,2.0,0.0,0.0,0.0,102.0
665,Ohio,Gallia,2020.0,366.0,340.0,23.0,3.0,0.0,0.0,0.0,116.0
666,Ohio,Geauga,2020.0,245.0,214.0,31.0,0.0,0.0,0.0,0.0,100.0
667,Ohio,Greene,2020.0,245.0,220.0,25.0,0.0,0.0,0.0,0.0,93.0
668,Ohio,Guernsey,2020.0,20.0,20.0,0.0,0.0,0.0,0.0,0.0,50.0
669,Ohio,Hamilton,2020.0,366.0,210.0,149.0,7.0,0.0,0.0,0.0,126.0
670,Ohio,Hancock,2020.0,8.0,8.0,0.0,0.0,0.0,0.0,0.0,21.0
671,Ohio,Harrison,2020.0,304.0,304.0,0.0,0.0,0.0,0.0,0.0,49.0
672,Ohio,Jefferson,2020.0,366.0,299.0,66.0,1.0,0.0,0.0,0.0,112.0
673,Ohio,Knox,2020.0,245.0,226.0,19.0,0.0,0.0,0.0,0.0,80.0
674,Ohio,Lake,2020.0,366.0,315.0,41.0,10.0,0.0,0.0,0.0,140.0
675,Ohio,Lawrence,2020.0,364.0,326.0,38.0,0.0,0.0,0.0,0.0,77.0
676,Ohio,Licking,2020.0,245.0,230.0,15.0,0.0,0.0,0.0,0.0,77.0
677,Ohio,Lorain,2020.0,358.0,322.0,35.0,0.0,1.0,0.0,0.0,154.0
678,Ohio,Lucas,2020.0,366.0,303.0,55.0,8.0,0.0,0.0,0.0,136.0
679,Ohio,Madison,2020.0,245.0,220.0,25.0,0.0,0.0,0.0,0.0,84.0
680,Ohio,Mahoning,2020.0,365.0,320.0,44.0,1.0,0.0,0.0,0.0,142.0
681,Ohio,Medina,2020.0,360.0,321.0,39.0,0.0,0.0,0.0,0.0,93.0
682,Ohio,Miami,2020.0,229.0,217.0,12.0,0.0,0.0,0.0,0.0,93.0
683,Ohio,Montgomery,2020.0,361.0,246.0,111.0,4.0,0.0,0.0,0.0,112.0
684,Ohio,Morgan,2020.0,349.0,348.0,1.0,0.0,0.0,0.0,0.0,96.0
685,Ohio,Noble,2020.0,356.0,335.0,21.0,0.0,0.0,0.0,0.0,87.0
686,Ohio,Portage,2020.0,262.0,229.0,32.0,1.0,0.0,0.0,0.0,101.0
687,Ohio,Preble,2020.0,366.0,315.0,50.0,1.0,0.0,0.0,0.0,101.0
688,Ohio,Scioto,2020.0,366.0,361.0,5.0,0.0,0.0,0.0,0.0,92.0
689,Ohio,Stark,2020.0,358.0,262.0,92.0,4.0,0.0,0.0,0.0,119.0
690,Ohio,Summit,2020.0,365.0,280.0,82.0,3.0,0.0,0.0,0.0,114.0
691,Ohio,Trumbull,2020.0,357.0,315.0,39.0,2.0,1.0,0.0,0.0,153.0
692,Ohio,Warren,2020.0,361.0,293.0,64.0,4.0,0.0,0.0,0.0,115.0
693,Ohio,Washington,2020.0,245.0,233.0,11.0,1.0,0.0,0.0,0.0,108.0
694,Ohio,Wood,2020.0,229.0,216.0,13.0,0.0,0.0,0.0,0.0,80.0
695,Oklahoma,Adair,2020.0,363.0,337.0,25.0,0.0,1.0,0.0,0.0,151.0
696,Oklahoma,Canadian,2020.0,358.0,332.0,26.0,0.0,0.0,0.0,0.0,84.0
697,Oklahoma,Carter,2020.0,345.0,247.0,97.0,1.0,0.0,0.0,0.0,147.0
698,Oklahoma,Cleveland,2020.0,354.0,253.0,99.0,2.0,0.0,0.0,0.0,121.0
699,Oklahoma,Comanche,2020.0,366.0,306.0,59.0,1.0,0.0,0.0,0.0,107.0
700,Oklahoma,Creek,2020.0,363.0,350.0,13.0,0.0,0.0,0.0,0.0,93.0
701,Oklahoma,Dewey,2020.0,365.0,307.0,58.0,0.0,0.0,0.0,0.0,99.0
702,Oklahoma,Garfield,2020.0,360.0,358.0,2.0,0.0,0.0,0.0,0.0,72.0
703,Oklahoma,Grant,2020.0,86.0,82.0,4.0,0.0,0.0,0.0,0.0,65.0
704,Oklahoma,Johnston,2020.0,289.0,267.0,22.0,0.0,0.0,0.0,0.0,97.0
705,Oklahoma,Kay,2020.0,366.0,266.0,98.0,2.0,0.0,0.0,0.0,113.0
706,Oklahoma,Mayes,2020.0,334.0,331.0,3.0,0.0,0.0,0.0,0.0,51.0
707,Oklahoma,Muskogee,2020.0,232.0,232.0,0.0,0.0,0.0,0.0,0.0,27.0
708,Oklahoma,Oklahoma,2020.0,366.0,235.0,127.0,4.0,0.0,0.0,0.0,112.0
709,Oklahoma,Osage,2020.0,350.0,322.0,28.0,0.0,0.0,0.0,0.0,90.0
710,Oklahoma,Ottawa,2020.0,352.0,271.0,79.0,1.0,1.0,0.0,0.0,154.0
711,Oklahoma,Pittsburg,2020.0,366.0,303.0,62.0,1.0,0.0,0.0,0.0,141.0
712,Oklahoma,Sequoyah,2020.0,363.0,337.0,25.0,1.0,0.0,0.0,0.0,141.0
713,Oklahoma,Tulsa,2020.0,366.0,278.0,86.0,2.0,0.0,0.0,0.0,129.0
714,Oklahoma,Washington,2020.0,344.0,299.0,44.0,1.0,0.0,0.0,0.0,101.0
715,Oregon,Baker,2020.0,366.0,327.0,32.0,2.0,5.0,0.0,0.0,200.0
716,Oregon,Benton,2020.0,366.0,330.0,25.0,0.0,3.0,5.0,3.0,396.0
717,Oregon,Clackamas,2020.0,272.0,249.0,14.0,3.0,2.0,1.0,3.0,366.0
718,Oregon,Columbia,2020.0,363.0,342.0,12.0,1.0,4.0,4.0,0.0,268.0
719,Oregon,Crook,2020.0,365.0,297.0,61.0,0.0,2.0,2.0,3.0,561.0
720,Oregon,Deschutes,2020.0,366.0,317.0,35.0,4.0,2.0,1.0,7.0,583.0
721,Oregon,Douglas,2020.0,366.0,313.0,43.0,1.0,1.0,2.0,6.0,518.0
722,Oregon,Grant,2020.0,364.0,248.0,109.0,1.0,5.0,0.0,1.0,322.0
723,Oregon,Harney,2020.0,366.0,248.0,107.0,2.0,8.0,0.0,1.0,304.0
724,Oregon,Jackson,2020.0,366.0,262.0,89.0,2.0,5.0,4.0,4.0,517.0
725,Oregon,Jefferson,2020.0,361.0,297.0,53.0,3.0,0.0,3.0,5.0,595.0
726,Oregon,Josephine,2020.0,366.0,273.0,67.0,4.0,15.0,0.0,7.0,472.0
727,Oregon,Klamath,2020.0,366.0,210.0,110.0,23.0,20.0,1.0,2.0,679.0
728,Oregon,Lake,2020.0,365.0,285.0,62.0,14.0,4.0,0.0,0.0,165.0
729,Oregon,Lane,2020.0,366.0,246.0,106.0,4.0,0.0,2.0,8.0,550.0
730,Oregon,Linn,2020.0,366.0,283.0,72.0,0.0,1.0,3.0,7.0,502.0
731,Oregon,Marion,2020.0,365.0,302.0,52.0,1.0,1.0,0.0,9.0,641.0
732,Oregon,Multnomah,2020.0,366.0,308.0,49.0,1.0,0.0,3.0,5.0,477.0
733,Oregon,Umatilla,2020.0,366.0,311.0,47.0,0.0,1.0,3.0,4.0,463.0
734,Oregon,Union,2020.0,366.0,330.0,27.0,1.0,5.0,3.0,0.0,288.0
735,Oregon,Wallowa,2020.0,366.0,322.0,37.0,0.0,7.0,0.0,0.0,198.0
736,Oregon,Wasco,2020.0,355.0,322.0,30.0,0.0,0.0,0.0,3.0,417.0
737,Oregon,Washington,2020.0,366.0,308.0,48.0,2.0,0.0,3.0,5.0,416.0
738,Pennsylvania,Adams,2020.0,366.0,320.0,46.0,0.0,0.0,0.0,0.0,86.0
739,Pennsylvania,Allegheny,2020.0,366.0,213.0,141.0,12.0,0.0,0.0,0.0,128.0
740,Pennsylvania,Armstrong,2020.0,366.0,309.0,54.0,3.0,0.0,0.0,0.0,122.0
741,Pennsylvania,Beaver,2020.0,366.0,279.0,86.0,1.0,0.0,0.0,0.0,142.0
742,Pennsylvania,Berks,2020.0,362.0,280.0,81.0,1.0,0.0,0.0,0.0,102.0
743,Pennsylvania,Blair,2020.0,361.0,310.0,51.0,0.0,0.0,0.0,0.0,87.0
744,Pennsylvania,Bradford,2020.0,358.0,337.0,21.0,0.0,0.0,0.0,0.0,81.0
745,Pennsylvania,Bucks,2020.0,351.0,331.0,16.0,4.0,0.0,0.0,0.0,115.0
746,Pennsylvania,Cambria,2020.0,366.0,309.0,57.0,0.0,0.0,0.0,0.0,89.0
747,Pennsylvania,Centre,2020.0,366.0,324.0,42.0,0.0,0.0,0.0,0.0,90.0
748,Pennsylvania,Chester,2020.0,355.0,296.0,58.0,1.0,0.0,0.0,0.0,143.0
749,Pennsylvania,Clearfield,2020.0,343.0,341.0,2.0,0.0,0.0,0.0,0.0,54.0
750,Pennsylvania,Cumberland,2020.0,363.0,292.0,69.0,2.0,0.0,0.0,0.0,137.0
751,Pennsylvania,Dauphin,2020.0,366.0,277.0,86.0,3.0,0.0,0.0,0.0,116.0
752,Pennsylvania,Delaware,2020.0,366.0,249.0,114.0,3.0,0.0,0.0,0.0,129.0
753,Pennsylvania,Elk,2020.0,358.0,356.0,2.0,0.0,0.0,0.0,0.0,67.0
754,Pennsylvania,Erie,2020.0,363.0,329.0,34.0,0.0,0.0,0.0,0.0,87.0
755,Pennsylvania,Fayette,2020.0,363.0,324.0,39.0,0.0,0.0,0.0,0.0,100.0
756,Pennsylvania,Franklin,2020.0,363.0,363.0,0.0,0.0,0.0,0.0,0.0,50.0
757,Pennsylvania,Greene,2020.0,359.0,335.0,23.0,1.0,0.0,0.0,0.0,101.0
758,Pennsylvania,Indiana,2020.0,358.0,331.0,26.0,1.0,0.0,0.0,0.0,112.0
759,Pennsylvania,Lackawanna,2020.0,366.0,333.0,33.0,0.0,0.0,0.0,0.0,81.0
760,Pennsylvania,Lancaster,2020.0,366.0,258.0,103.0,4.0,1.0,0.0,0.0,153.0
761,Pennsylvania,Lawrence,2020.0,363.0,354.0,9.0,0.0,0.0,0.0,0.0,93.0
762,Pennsylvania,Lebanon,2020.0,170.0,144.0,25.0,1.0,0.0,0.0,0.0,115.0
763,Pennsylvania,Lehigh,2020.0,359.0,316.0,43.0,0.0,0.0,0.0,0.0,93.0
764,Pennsylvania,Luzerne,2020.0,356.0,354.0,2.0,0.0,0.0,0.0,0.0,54.0
765,Pennsylvania,Lycoming,2020.0,366.0,329.0,36.0,1.0,0.0,0.0,0.0,109.0
766,Pennsylvania,Mercer,2020.0,366.0,319.0,46.0,1.0,0.0,0.0,0.0,105.0
767,Pennsylvania,Monroe,2020.0,357.0,355.0,2.0,0.0,0.0,0.0,0.0,80.0
768,Pennsylvania,Montgomery,2020.0,366.0,313.0,53.0,0.0,0.0,0.0,0.0,99.0
769,Pennsylvania,Northampton,2020.0,365.0,313.0,51.0,1.0,0.0,0.0,0.0,117.0
770,Pennsylvania,Philadelphia,2020.0,366.0,281.0,80.0,5.0,0.0,0.0,0.0,119.0
771,Pennsylvania,Somerset,2020.0,365.0,357.0,8.0,0.0,0.0,0.0,0.0,71.0
772,Pennsylvania,Susquehanna,2020.0,365.0,351.0,14.0,0.0,0.0,0.0,0.0,71.0
773,Pennsylvania,Tioga,2020.0,352.0,334.0,18.0,0.0,0.0,0.0,0.0,79.0
774,Pennsylvania,Warren,2020.0,364.0,356.0,8.0,0.0,0.0,0.0,0.0,95.0
775,Pennsylvania,Washington,2020.0,366.0,299.0,67.0,0.0,0.0,0.0,0.0,100.0
776,Pennsylvania,Westmoreland,2020.0,362.0,331.0,31.0,0.0,0.0,0.0,0.0,81.0
777,Pennsylvania,Wyoming,2020.0,361.0,341.0,20.0,0.0,0.0,0.0,0.0,76.0
778,Pennsylvania,York,2020.0,366.0,301.0,65.0,0.0,0.0,0.0,0.0,97.0
779,Puerto Rico,Adjuntas,2020.0,57.0,53.0,4.0,0.0,0.0,0.0,0.0,58.0
780,Puerto Rico,Bayamon,2020.0,288.0,279.0,9.0,0.0,0.0,0.0,0.0,95.0
781,Puerto Rico,Caguas,2020.0,318.0,312.0,6.0,0.0,0.0,0.0,0.0,69.0
782,Puerto Rico,Catano,2020.0,285.0,232.0,40.0,6.0,6.0,0.0,1.0,336.0
783,Puerto Rico,Fajardo,2020.0,52.0,46.0,6.0,0.0,0.0,0.0,0.0,80.0
784,Puerto Rico,Guayama,2020.0,52.0,45.0,7.0,0.0,0.0,0.0,0.0,80.0
785,Puerto Rico,Guaynabo,2020.0,83.0,73.0,10.0,0.0,0.0,0.0,0.0,72.0
786,Puerto Rico,Juncos,2020.0,348.0,338.0,4.0,5.0,1.0,0.0,0.0,174.0
787,Puerto Rico,Mayagnez,2020.0,319.0,275.0,32.0,2.0,6.0,2.0,2.0,396.0
788,Puerto Rico,Ponce,2020.0,360.0,324.0,36.0,0.0,0.0,0.0,0.0,81.0
789,Puerto Rico,San Juan,2020.0,216.0,216.0,0.0,0.0,0.0,0.0,0.0,39.0
790,Rhode Island,Kent,2020.0,358.0,339.0,18.0,1.0,0.0,0.0,0.0,133.0
791,Rhode Island,Providence,2020.0,366.0,304.0,60.0,2.0,0.0,0.0,0.0,112.0
792,Rhode Island,Washington,2020.0,366.0,336.0,28.0,1.0,1.0,0.0,0.0,154.0
793,South Carolina,Aiken,2020.0,259.0,258.0,1.0,0.0,0.0,0.0,0.0,71.0
794,South Carolina,Anderson,2020.0,265.0,257.0,8.0,0.0,0.0,0.0,0.0,71.0
795,South Carolina,Berkeley,2020.0,220.0,219.0,1.0,0.0,0.0,0.0,0.0,51.0
796,South Carolina,Charleston,2020.0,366.0,328.0,37.0,1.0,0.0,0.0,0.0,117.0
797,South Carolina,Chesterfield,2020.0,346.0,321.0,25.0,0.0,0.0,0.0,0.0,89.0
798,South Carolina,Darlington,2020.0,253.0,253.0,0.0,0.0,0.0,0.0,0.0,49.0
799,South Carolina,Edgefield,2020.0,366.0,348.0,17.0,1.0,0.0,0.0,0.0,115.0
800,South Carolina,Florence,2020.0,352.0,334.0,18.0,0.0,0.0,0.0,0.0,95.0
801,South Carolina,Greenville,2020.0,366.0,294.0,71.0,1.0,0.0,0.0,0.0,116.0
802,South Carolina,Horry,2020.0,214.0,214.0,0.0,0.0,0.0,0.0,0.0,50.0
803,South Carolina,Lexington,2020.0,365.0,333.0,31.0,1.0,0.0,0.0,0.0,111.0
804,South Carolina,Oconee,2020.0,20.0,20.0,0.0,0.0,0.0,0.0,0.0,0.0
805,South Carolina,Richland,2020.0,366.0,335.0,30.0,1.0,0.0,0.0,0.0,117.0
806,South Carolina,Spartanburg,2020.0,366.0,303.0,61.0,2.0,0.0,0.0,0.0,112.0
807,South Carolina,York,2020.0,366.0,346.0,20.0,0.0,0.0,0.0,0.0,92.0
808,South Dakota,Brookings,2020.0,366.0,311.0,55.0,0.0,0.0,0.0,0.0,87.0
809,South Dakota,Brown,2020.0,364.0,333.0,31.0,0.0,0.0,0.0,0.0,75.0
810,South Dakota,Codington,2020.0,366.0,321.0,44.0,1.0,0.0,0.0,0.0,101.0
811,South Dakota,Custer,2020.0,366.0,324.0,40.0,2.0,0.0,0.0,0.0,119.0
812,South Dakota,Hughes,2020.0,355.0,345.0,10.0,0.0,0.0,0.0,0.0,76.0
813,South Dakota,Jackson,2020.0,366.0,329.0,37.0,0.0,0.0,0.0,0.0,90.0
814,South Dakota,Meade,2020.0,364.0,342.0,22.0,0.0,0.0,0.0,0.0,84.0
815,South Dakota,Minnehaha,2020.0,366.0,324.0,42.0,0.0,0.0,0.0,0.0,90.0
816,South Dakota,Pennington,2020.0,366.0,291.0,75.0,0.0,0.0,0.0,0.0,91.0
817,South Dakota,Union,2020.0,366.0,324.0,41.0,1.0,0.0,0.0,0.0,141.0
818,Tennessee,Anderson,2020.0,245.0,238.0,7.0,0.0,0.0,0.0,0.0,64.0
819,Tennessee,Blount,2020.0,366.0,324.0,42.0,0.0,0.0,0.0,0.0,92.0
820,Tennessee,Claiborne,2020.0,345.0,343.0,2.0,0.0,0.0,0.0,0.0,51.0
821,Tennessee,Davidson,2020.0,366.0,283.0,81.0,2.0,0.0,0.0,0.0,116.0
822,Tennessee,DeKalb,2020.0,341.0,336.0,5.0,0.0,0.0,0.0,0.0,61.0
823,Tennessee,Dyer,2020.0,351.0,332.0,18.0,1.0,0.0,0.0,0.0,117.0
824,Tennessee,Hamilton,2020.0,365.0,291.0,73.0,0.0,1.0,0.0,0.0,151.0
825,Tennessee,Jefferson,2020.0,240.0,232.0,8.0,0.0,0.0,0.0,0.0,74.0
826,Tennessee,Knox,2020.0,366.0,299.0,67.0,0.0,0.0,0.0,0.0,90.0
827,Tennessee,Lawrence,2020.0,359.0,347.0,12.0,0.0,0.0,0.0,0.0,72.0
828,Tennessee,Loudon,2020.0,366.0,337.0,29.0,0.0,0.0,0.0,0.0,97.0
829,Tennessee,Madison,2020.0,354.0,334.0,19.0,1.0,0.0,0.0,0.0,108.0
830,Tennessee,Maury,2020.0,351.0,339.0,12.0,0.0,0.0,0.0,0.0,91.0
831,Tennessee,McMinn,2020.0,358.0,327.0,31.0,0.0,0.0,0.0,0.0,88.0
832,Tennessee,Montgomery,2020.0,359.0,340.0,17.0,2.0,0.0,0.0,0.0,116.0
833,Tennessee,Putnam,2020.0,359.0,345.0,13.0,1.0,0.0,0.0,0.0,105.0
834,Tennessee,Roane,2020.0,338.0,316.0,22.0,0.0,0.0,0.0,0.0,91.0
835,Tennessee,Sevier,2020.0,363.0,336.0,26.0,1.0,0.0,0.0,0.0,105.0
836,Tennessee,Shelby,2020.0,366.0,263.0,102.0,0.0,1.0,0.0,0.0,152.0
837,Tennessee,Sullivan,2020.0,366.0,320.0,42.0,4.0,0.0,0.0,0.0,109.0
838,Tennessee,Sumner,2020.0,360.0,316.0,43.0,1.0,0.0,0.0,0.0,121.0
839,Tennessee,Williamson,2020.0,241.0,231.0,10.0,0.0,0.0,0.0,0.0,71.0
840,Tennessee,Wilson,2020.0,245.0,240.0,5.0,0.0,0.0,0.0,0.0,64.0
841,Texas,Atascosa,2020.0,214.0,179.0,34.0,0.0,1.0,0.0,0.0,156.0
842,Texas,Bell,2020.0,366.0,293.0,72.0,1.0,0.0,0.0,0.0,135.0
843,Texas,Bexar,2020.0,366.0,198.0,158.0,9.0,1.0,0.0,0.0,158.0
844,Texas,Bowie,2020.0,358.0,270.0,87.0,1.0,0.0,0.0,0.0,127.0
845,Texas,Brazoria,2020.0,365.0,328.0,34.0,2.0,1.0,0.0,0.0,182.0
846,Texas,Brazos,2020.0,303.0,263.0,40.0,0.0,0.0,0.0,0.0,99.0
847,Texas,Brewster,2020.0,360.0,331.0,29.0,0.0,0.0,0.0,0.0,80.0
848,Texas,Cameron,2020.0,366.0,237.0,120.0,6.0,3.0,0.0,0.0,176.0
849,Texas,Collin,2020.0,365.0,317.0,45.0,2.0,1.0,0.0,0.0,154.0
850,Texas,Culberson,2020.0,181.0,110.0,64.0,7.0,0.0,0.0,0.0,112.0
851,Texas,Dallas,2020.0,366.0,272.0,88.0,6.0,0.0,0.0,0.0,135.0
852,Texas,Denton,2020.0,366.0,277.0,81.0,8.0,0.0,0.0,0.0,142.0
853,Texas,Ector,2020.0,346.0,311.0,35.0,0.0,0.0,0.0,0.0,95.0
854,Texas,El Paso,2020.0,366.0,151.0,197.0,17.0,1.0,0.0,0.0,192.0
855,Texas,Ellis,2020.0,366.0,299.0,66.0,1.0,0.0,0.0,0.0,125.0
856,Texas,Freestone,2020.0,344.0,344.0,0.0,0.0,0.0,0.0,0.0,10.0
857,Texas,Galveston,2020.0,363.0,278.0,82.0,3.0,0.0,0.0,0.0,143.0
858,Texas,Gregg,2020.0,363.0,349.0,14.0,0.0,0.0,0.0,0.0,86.0
859,Texas,Harris,2020.0,366.0,184.0,165.0,15.0,2.0,0.0,0.0,179.0
860,Texas,Harrison,2020.0,365.0,321.0,44.0,0.0,0.0,0.0,0.0,100.0
861,Texas,Hidalgo,2020.0,366.0,270.0,91.0,3.0,2.0,0.0,0.0,155.0
862,Texas,Hood,2020.0,357.0,330.0,27.0,0.0,0.0,0.0,0.0,100.0
863,Texas,Howard,2020.0,341.0,275.0,57.0,8.0,1.0,0.0,0.0,200.0
864,Texas,Hunt,2020.0,366.0,351.0,15.0,0.0,0.0,0.0,0.0,87.0
865,Texas,Hutchinson,2020.0,364.0,236.0,66.0,61.0,1.0,0.0,0.0,156.0
866,Texas,Jefferson,2020.0,363.0,263.0,97.0,3.0,0.0,0.0,0.0,122.0
867,Texas,Johnson,2020.0,349.0,320.0,27.0,2.0,0.0,0.0,0.0,105.0
868,Texas,Karnes,2020.0,363.0,363.0,0.0,0.0,0.0,0.0,0.0,32.0
869,Texas,Kaufman,2020.0,366.0,312.0,53.0,1.0,0.0,0.0,0.0,134.0
870,Texas,Kleberg,2020.0,330.0,240.0,84.0,4.0,2.0,0.0,0.0,168.0
871,Texas,Lubbock,2020.0,352.0,329.0,23.0,0.0,0.0,0.0,0.0,81.0
872,Texas,Maverick,2020.0,347.0,292.0,54.0,0.0,1.0,0.0,0.0,160.0
873,Texas,McLennan,2020.0,366.0,330.0,36.0,0.0,0.0,0.0,0.0,97.0
874,Texas,Milam,2020.0,132.0,132.0,0.0,0.0,0.0,0.0,0.0,3.0
875,Texas,Montgomery,2020.0,366.0,281.0,77.0,8.0,0.0,0.0,0.0,129.0
876,Texas,Navarro,2020.0,366.0,278.0,79.0,8.0,1.0,0.0,0.0,153.0
877,Texas,Nueces,2020.0,366.0,277.0,87.0,0.0,2.0,0.0,0.0,159.0
878,Texas,Orange,2020.0,362.0,267.0,92.0,3.0,0.0,0.0,0.0,103.0
879,Texas,Parker,2020.0,362.0,331.0,30.0,1.0,0.0,0.0,0.0,115.0
880,Texas,Polk,2020.0,360.0,351.0,9.0,0.0,0.0,0.0,0.0,71.0
881,Texas,Potter,2020.0,366.0,305.0,47.0,14.0,0.0,0.0,0.0,138.0
882,Texas,Randall,2020.0,357.0,277.0,80.0,0.0,0.0,0.0,0.0,90.0
883,Texas,Robertson,2020.0,323.0,323.0,0.0,0.0,0.0,0.0,0.0,29.0
884,Texas,Rockwall,2020.0,363.0,345.0,17.0,1.0,0.0,0.0,0.0,133.0
885,Texas,Rusk,2020.0,363.0,339.0,20.0,4.0,0.0,0.0,0.0,120.0
886,Texas,Smith,2020.0,366.0,352.0,14.0,0.0,0.0,0.0,0.0,84.0
887,Texas,Tarrant,2020.0,366.0,238.0,112.0,13.0,3.0,0.0,0.0,159.0
888,Texas,Titus,2020.0,349.0,349.0,0.0,0.0,0.0,0.0,0.0,36.0
889,Texas,Travis,2020.0,366.0,260.0,104.0,1.0,1.0,0.0,0.0,153.0
890,Texas,Victoria,2020.0,329.0,308.0,21.0,0.0,0.0,0.0,0.0,100.0
891,Texas,Webb,2020.0,366.0,268.0,95.0,2.0,1.0,0.0,0.0,160.0
892,Texas,Wilson,2020.0,365.0,365.0,0.0,0.0,0.0,0.0,0.0,34.0
893,Utah,Box Elder,2020.0,355.0,316.0,36.0,3.0,0.0,0.0,0.0,147.0
894,Utah,Cache,2020.0,366.0,252.0,105.0,5.0,4.0,0.0,0.0,159.0
895,Utah,Carbon,2020.0,350.0,308.0,42.0,0.0,0.0,0.0,0.0,93.0
896,Utah,Davis,2020.0,366.0,242.0,110.0,13.0,1.0,0.0,0.0,155.0
897,Utah,Duchesne,2020.0,366.0,266.0,95.0,5.0,0.0,0.0,0.0,125.0
898,Utah,Garfield,2020.0,365.0,332.0,33.0,0.0,0.0,0.0,0.0,74.0
899,Utah,Iron,2020.0,366.0,332.0,34.0,0.0,0.0,0.0,0.0,86.0
900,Utah,Salt Lake,2020.0,366.0,192.0,154.0,18.0,2.0,0.0,0.0,194.0
901,Utah,San Juan,2020.0,352.0,306.0,44.0,2.0,0.0,0.0,0.0,108.0
902,Utah,Tooele,2020.0,366.0,278.0,83.0,4.0,1.0,0.0,0.0,159.0
903,Utah,Uintah,2020.0,366.0,255.0,108.0,3.0,0.0,0.0,0.0,119.0
904,Utah,Utah,2020.0,366.0,237.0,124.0,5.0,0.0,0.0,0.0,150.0
905,Utah,Washington,2020.0,366.0,292.0,71.0,3.0,0.0,0.0,0.0,112.0
906,Utah,Wayne,2020.0,98.0,95.0,3.0,0.0,0.0,0.0,0.0,66.0
907,Utah,Weber,2020.0,366.0,258.0,102.0,6.0,0.0,0.0,0.0,140.0
908,Vermont,Bennington,2020.0,366.0,348.0,18.0,0.0,0.0,0.0,0.0,70.0
909,Vermont,Chittenden,2020.0,366.0,336.0,30.0,0.0,0.0,0.0,0.0,98.0
910,Vermont,Rutland,2020.0,366.0,329.0,37.0,0.0,0.0,0.0,0.0,96.0
911,Vermont,Windham,2020.0,98.0,98.0,0.0,0.0,0.0,0.0,0.0,31.0
912,Virgin Islands,St Croix,2020.0,59.0,53.0,6.0,0.0,0.0,0.0,0.0,82.0
913,Virgin Islands,St John,2020.0,94.0,86.0,8.0,0.0,0.0,0.0,0.0,82.0
914,Virgin Islands,St Thomas,2020.0,75.0,65.0,10.0,0.0,0.0,0.0,0.0,72.0
915,Virginia,Albemarle,2020.0,363.0,347.0,16.0,0.0,0.0,0.0,0.0,66.0
916,Virginia,Arlington,2020.0,366.0,343.0,23.0,0.0,0.0,0.0,0.0,90.0
917,Virginia,Botetourt,2020.0,182.0,179.0,3.0,0.0,0.0,0.0,0.0,69.0
918,Virginia,Bristol City,2020.0,116.0,112.0,4.0,0.0,0.0,0.0,0.0,55.0
919,Virginia,Caroline,2020.0,235.0,232.0,3.0,0.0,0.0,0.0,0.0,64.0
920,Virginia,Carroll,2020.0,56.0,56.0,0.0,0.0,0.0,0.0,0.0,15.0
921,Virginia,Charles,2020.0,364.0,361.0,3.0,0.0,0.0,0.0,0.0,67.0
922,Virginia,Chesterfield,2020.0,279.0,277.0,2.0,0.0,0.0,0.0,0.0,61.0
923,Virginia,Covington City,2020.0,91.0,90.0,1.0,0.0,0.0,0.0,0.0,84.0
924,Virginia,Fairfax,2020.0,366.0,313.0,53.0,0.0,0.0,0.0,0.0,100.0
925,Virginia,Fauquier,2020.0,242.0,241.0,1.0,0.0,0.0,0.0,0.0,61.0
926,Virginia,Frederick,2020.0,304.0,286.0,18.0,0.0,0.0,0.0,0.0,78.0
927,Virginia,Giles,2020.0,364.0,306.0,50.0,5.0,3.0,0.0,0.0,200.0
928,Virginia,Hampton City,2020.0,366.0,353.0,13.0,0.0,0.0,0.0,0.0,64.0
929,Virginia,Hanover,2020.0,245.0,243.0,2.0,0.0,0.0,0.0,0.0,64.0
930,Virginia,Henrico,2020.0,366.0,338.0,28.0,0.0,0.0,0.0,0.0,71.0
931,Virginia,Hopewell City,2020.0,48.0,48.0,0.0,0.0,0.0,0.0,0.0,15.0
932,Virginia,Loudoun,2020.0,366.0,353.0,12.0,1.0,0.0,0.0,0.0,108.0
933,Virginia,Lynchburg City,2020.0,110.0,109.0,1.0,0.0,0.0,0.0,0.0,54.0
934,Virginia,Madison,2020.0,363.0,361.0,2.0,0.0,0.0,0.0,0.0,54.0
935,Virginia,Norfolk City,2020.0,365.0,362.0,3.0,0.0,0.0,0.0,0.0,60.0
936,Virginia,Prince Edward,2020.0,361.0,361.0,0.0,0.0,0.0,0.0,0.0,49.0
937,Virginia,Prince William,2020.0,364.0,357.0,7.0,0.0,0.0,0.0,0.0,74.0
938,Virginia,Richmond City,2020.0,364.0,345.0,19.0,0.0,0.0,0.0,0.0,77.0
939,Virginia,Roanoke,2020.0,366.0,338.0,28.0,0.0,0.0,0.0,0.0,69.0
940,Virginia,Rockbridge,2020.0,264.0,264.0,0.0,0.0,0.0,0.0,0.0,49.0
941,Virginia,Rockingham,2020.0,363.0,356.0,7.0,0.0,0.0,0.0,0.0,74.0
942,Virginia,Salem City,2020.0,110.0,106.0,4.0,0.0,0.0,0.0,0.0,66.0
943,Virginia,Stafford,2020.0,362.0,357.0,5.0,0.0,0.0,0.0,0.0,84.0
944,Virginia,Suffolk City,2020.0,244.0,241.0,3.0,0.0,0.0,0.0,0.0,67.0
945,Virginia,Virginia Beach City,2020.0,109.0,103.0,6.0,0.0,0.0,0.0,0.0,71.0
946,Virginia,Winchester City,2020.0,58.0,58.0,0.0,0.0,0.0,0.0,0.0,18.0
947,Virginia,Wythe,2020.0,235.0,233.0,2.0,0.0,0.0,0.0,0.0,61.0
948,Washington,Adams,2020.0,364.0,354.0,2.0,0.0,6.0,2.0,0.0,241.0
949,Washington,Asotin,2020.0,350.0,263.0,78.0,2.0,5.0,2.0,0.0,289.0
950,Washington,Benton,2020.0,365.0,317.0,36.0,3.0,3.0,1.0,5.0,908.0
951,Washington,Chelan,2020.0,366.0,311.0,43.0,1.0,7.0,2.0,2.0,489.0
952,Washington,Clallam,2020.0,366.0,335.0,24.0,1.0,1.0,4.0,1.0,309.0
953,Washington,Clark,2020.0,366.0,312.0,45.0,1.0,1.0,2.0,5.0,509.0
954,Washington,Columbia,2020.0,365.0,349.0,8.0,0.0,6.0,2.0,0.0,233.0
955,Washington,Cowlitz,2020.0,366.0,348.0,9.0,1.0,5.0,3.0,0.0,257.0
956,Washington,Franklin,2020.0,336.0,321.0,7.0,0.0,5.0,3.0,0.0,260.0
957,Washington,Garfield,2020.0,335.0,316.0,10.0,2.0,5.0,2.0,0.0,228.0
958,Washington,Grant,2020.0,366.0,346.0,10.0,2.0,4.0,4.0,0.0,283.0
959,Washington,Grays Harbor,2020.0,366.0,346.0,12.0,1.0,2.0,5.0,0.0,218.0
960,Washington,Jefferson,2020.0,340.0,329.0,3.0,2.0,5.0,1.0,0.0,208.0
961,Washington,King,2020.0,366.0,297.0,57.0,3.0,4.0,5.0,0.0,275.0
962,Washington,Kitsap,2020.0,361.0,340.0,12.0,3.0,3.0,3.0,0.0,221.0
963,Washington,Kittitas,2020.0,365.0,320.0,34.0,2.0,3.0,3.0,3.0,459.0
964,Washington,Klickitat,2020.0,298.0,282.0,7.0,0.0,2.0,1.0,6.0,669.0
965,Washington,Lewis,2020.0,335.0,324.0,10.0,0.0,0.0,1.0,0.0,233.0
966,Washington,Mason,2020.0,357.0,330.0,18.0,2.0,2.0,4.0,1.0,324.0
967,Washington,Okanogan,2020.0,366.0,240.0,113.0,1.0,6.0,4.0,2.0,423.0
968,Washington,Pend Oreille,2020.0,20.0,18.0,2.0,0.0,0.0,0.0,0.0,59.0
969,Washington,Pierce,2020.0,366.0,294.0,61.0,4.0,3.0,4.0,0.0,231.0
970,Washington,Skagit,2020.0,272.0,269.0,3.0,0.0,0.0,0.0,0.0,52.0
971,Washington,Snohomish,2020.0,366.0,292.0,64.0,3.0,6.0,1.0,0.0,225.0
972,Washington,Spokane,2020.0,366.0,323.0,36.0,0.0,2.0,1.0,4.0,479.0
973,Washington,Stevens,2020.0,366.0,269.0,88.0,1.0,4.0,0.0,4.0,536.0
974,Washington,Thurston,2020.0,366.0,340.0,19.0,0.0,4.0,3.0,0.0,217.0
975,Washington,Walla Walla,2020.0,366.0,330.0,27.0,0.0,2.0,1.0,6.0,819.0
976,Washington,Whatcom,2020.0,366.0,317.0,37.0,5.0,6.0,1.0,0.0,212.0
977,Washington,Whitman,2020.0,366.0,352.0,6.0,1.0,6.0,1.0,0.0,212.0
978,Washington,Yakima,2020.0,366.0,248.0,103.0,6.0,2.0,3.0,4.0,465.0
979,West Virginia,Berkeley,2020.0,278.0,261.0,17.0,0.0,0.0,0.0,0.0,95.0
980,West Virginia,Brooke,2020.0,366.0,333.0,33.0,0.0,0.0,0.0,0.0,94.0
981,West Virginia,Cabell,2020.0,284.0,270.0,14.0,0.0,0.0,0.0,0.0,100.0
982,West Virginia,Gilmer,2020.0,363.0,363.0,0.0,0.0,0.0,0.0,0.0,49.0
983,West Virginia,Greenbrier,2020.0,234.0,232.0,2.0,0.0,0.0,0.0,0.0,54.0
984,West Virginia,Hancock,2020.0,366.0,335.0,30.0,1.0,0.0,0.0,0.0,133.0
985,West Virginia,Harrison,2020.0,118.0,110.0,8.0,0.0,0.0,0.0,0.0,78.0
986,West Virginia,Kanawha,2020.0,366.0,342.0,24.0,0.0,0.0,0.0,0.0,84.0
987,West Virginia,Marion,2020.0,74.0,69.0,5.0,0.0,0.0,0.0,0.0,67.0
988,West Virginia,Marshall,2020.0,354.0,342.0,12.0,0.0,0.0,0.0,0.0,68.0
989,West Virginia,Mason,2020.0,362.0,348.0,12.0,2.0,0.0,0.0,0.0,113.0
990,West Virginia,Mineral,2020.0,134.0,134.0,0.0,0.0,0.0,0.0,0.0,3.0
991,West Virginia,Monongalia,2020.0,362.0,348.0,14.0,0.0,0.0,0.0,0.0,90.0
992,West Virginia,Ohio,2020.0,274.0,244.0,29.0,1.0,0.0,0.0,0.0,101.0
993,West Virginia,Tucker,2020.0,359.0,357.0,2.0,0.0,0.0,0.0,0.0,51.0
994,West Virginia,Wood,2020.0,366.0,347.0,19.0,0.0,0.0,0.0,0.0,80.0
995,Wisconsin,Ashland,2020.0,366.0,354.0,12.0,0.0,0.0,0.0,0.0,71.0
996,Wisconsin,Brown,2020.0,366.0,312.0,53.0,1.0,0.0,0.0,0.0,119.0
997,Wisconsin,Columbia,2020.0,203.0,187.0,12.0,4.0,0.0,0.0,0.0,115.0
998,Wisconsin,Dane,2020.0,366.0,286.0,78.0,2.0,0.0,0.0,0.0,112.0
999,Wisconsin,Dodge,2020.0,366.0,297.0,67.0,2.0,0.0,0.0,0.0,136.0
1000,Wisconsin,Door,2020.0,205.0,184.0,17.0,4.0,0.0,0.0,0.0,150.0
1001,Wisconsin,Eau Claire,2020.0,366.0,312.0,54.0,0.0,0.0,0.0,0.0,93.0
1002,Wisconsin,Fond du Lac,2020.0,205.0,194.0,9.0,2.0,0.0,0.0,0.0,115.0
1003,Wisconsin,Forest,2020.0,366.0,338.0,28.0,0.0,0.0,0.0,0.0,93.0
1004,Wisconsin,Grant,2020.0,361.0,305.0,56.0,0.0,0.0,0.0,0.0,82.0
1005,Wisconsin,Jefferson,2020.0,210.0,189.0,17.0,4.0,0.0,0.0,0.0,136.0
1006,Wisconsin,Kenosha,2020.0,361.0,279.0,71.0,10.0,1.0,0.0,0.0,197.0
1007,Wisconsin,Kewaunee,2020.0,207.0,195.0,12.0,0.0,0.0,0.0,0.0,97.0
1008,Wisconsin,La Crosse,2020.0,364.0,304.0,60.0,0.0,0.0,0.0,0.0,93.0
1009,Wisconsin,Manitowoc,2020.0,192.0,169.0,19.0,4.0,0.0,0.0,0.0,136.0
1010,Wisconsin,Marathon,2020.0,199.0,193.0,6.0,0.0,0.0,0.0,0.0,74.0
1011,Wisconsin,Milwaukee,2020.0,366.0,268.0,93.0,4.0,1.0,0.0,0.0,169.0
1012,Wisconsin,Oneida,2020.0,337.0,333.0,4.0,0.0,0.0,0.0,0.0,72.0
1013,Wisconsin,Outagamie,2020.0,366.0,295.0,66.0,5.0,0.0,0.0,0.0,126.0
1014,Wisconsin,Ozaukee,2020.0,365.0,303.0,57.0,4.0,1.0,0.0,0.0,164.0
1015,Wisconsin,Racine,2020.0,199.0,162.0,29.0,7.0,1.0,0.0,0.0,172.0
1016,Wisconsin,Rock,2020.0,210.0,192.0,15.0,3.0,0.0,0.0,0.0,105.0
1017,Wisconsin,Sauk,2020.0,366.0,314.0,51.0,1.0,0.0,0.0,0.0,112.0
1018,Wisconsin,Sheboygan,2020.0,207.0,170.0,31.0,4.0,2.0,0.0,0.0,159.0
1019,Wisconsin,Taylor,2020.0,366.0,336.0,30.0,0.0,0.0,0.0,0.0,78.0
1020,Wisconsin,Vilas,2020.0,366.0,351.0,15.0,0.0,0.0,0.0,0.0,84.0
1021,Wisconsin,Walworth,2020.0,198.0,180.0,14.0,4.0,0.0,0.0,0.0,136.0
1022,Wisconsin,Waukesha,2020.0,359.0,274.0,83.0,2.0,0.0,0.0,0.0,129.0
1023,Wyoming,Albany,2020.0,366.0,253.0,104.0,7.0,2.0,0.0,0.0,177.0
1024,Wyoming,Big Horn,2020.0,359.0,349.0,8.0,2.0,0.0,0.0,0.0,126.0
1025,Wyoming,Campbell,2020.0,366.0,247.0,116.0,3.0,0.0,0.0,0.0,124.0
1026,Wyoming,Carbon,2020.0,366.0,364.0,2.0,0.0,0.0,0.0,0.0,82.0
1027,Wyoming,Converse,2020.0,366.0,304.0,58.0,4.0,0.0,0.0,0.0,129.0
1028,Wyoming,Fremont,2020.0,366.0,288.0,72.0,5.0,1.0,0.0,0.0,158.0
1029,Wyoming,Johnson,2020.0,364.0,337.0,27.0,0.0,0.0,0.0,0.0,93.0
1030,Wyoming,Laramie,2020.0,366.0,322.0,39.0,3.0,2.0,0.0,0.0,157.0
1031,Wyoming,Lincoln,2020.0,366.0,357.0,9.0,0.0,0.0,0.0,0.0,71.0
1032,Wyoming,Natrona,2020.0,366.0,321.0,41.0,4.0,0.0,0.0,0.0,124.0
1033,Wyoming,Park,2020.0,122.0,115.0,5.0,2.0,0.0,0.0,0.0,113.0
1034,Wyoming,Platte,2020.0,224.0,202.0,20.0,1.0,0.0,1.0,0.0,283.0
1035,Wyoming,Sheridan,2020.0,366.0,344.0,22.0,0.0,0.0,0.0,0.0,100.0
1036,Wyoming,Sublette,2020.0,366.0,297.0,64.0,4.0,1.0,0.0,0.0,151.0
1037,Wyoming,Sweetwater,2020.0,366.0,238.0,116.0,7.0,4.0,0.0,1.0,1250.0
1038,Wyoming,Teton,2020.0,366.0,318.0,36.0,7.0,5.0,0.0,0.0,161.0
1039,Wyoming,Uinta,2020.0,366.0,323.0,41.0,2.0,0.0,0.0,0.0,122.0
1040,Wyoming,Weston,2020.0,366.0,336.0,29.0,1.0,0.0,0.0,0.0,119.0
